id,firstname,lastname,email,email2,profession
100,Mireielle,Aaberg,Mireielle.Aaberg@yopmail.com,Mireielle.Aaberg@gmail.com,police officer
101,Yetty,Noam,Yetty.Noam@yopmail.com,Yetty.Noam@gmail.com,firefighter
102,Coral,Allina,Coral.Allina@yopmail.com,Coral.Allina@gmail.com,worker
103,Vivia,Yuille,Vivia.Yuille@yopmail.com,Vivia.Yuille@gmail.com,developer
104,Taffy,Joeann,Taffy.Joeann@yopmail.com,Taffy.Joeann@gmail.com,police officer
105,Caryl,Raffo,Caryl.Raffo@yopmail.com,Caryl.Raffo@gmail.com,firefighter
106,Theodora,Ovid,Theodora.Ovid@yopmail.com,Theodora.Ovid@gmail.com,police officer
107,Tilly,Lissi,Tilly.Lissi@yopmail.com,Tilly.Lissi@gmail.com,police officer
108,Brooks,Giule,Brooks.Giule@yopmail.com,Brooks.Giule@gmail.com,police officer
109,Chastity,Mallon,Chastity.Mallon@yopmail.com,Chastity.Mallon@gmail.com,firefighter
110,Hope,Jeanne,Hope.Jeanne@yopmail.com,Hope.Jeanne@gmail.com,developer
111,Joceline,Dawkins,Joceline.Dawkins@yopmail.com,Joceline.Dawkins@gmail.com,firefighter
112,Benita,Liebermann,Benita.Liebermann@yopmail.com,Benita.Liebermann@gmail.com,worker
113,Britni,Etom,Britni.Etom@yopmail.com,Britni.Etom@gmail.com,firefighter
114,Clary,Girardo,Clary.Girardo@yopmail.com,Clary.Girardo@gmail.com,worker
115,Melisent,Kunin,Melisent.Kunin@yopmail.com,Melisent.Kunin@gmail.com,developer
116,Daphne,Concha,Daphne.Concha@yopmail.com,Daphne.Concha@gmail.com,worker
117,Mallory,Poll,Mallory.Poll@yopmail.com,Mallory.Poll@gmail.com,doctor
118,Cathyleen,Dash,Cathyleen.Dash@yopmail.com,Cathyleen.Dash@gmail.com,worker
119,Claresta,Edison,Claresta.Edison@yopmail.com,Claresta.Edison@gmail.com,police officer
120,Dulce,Dosia,Dulce.Dosia@yopmail.com,Dulce.Dosia@gmail.com,developer
121,Fayre,Kevon,Fayre.Kevon@yopmail.com,Fayre.Kevon@gmail.com,police officer
122,Robbi,Wallis,Robbi.Wallis@yopmail.com,Robbi.Wallis@gmail.com,police officer
123,Viki,Linskey,Viki.Linskey@yopmail.com,Viki.Linskey@gmail.com,worker
124,Teriann,Carey,Teriann.Carey@yopmail.com,Teriann.Carey@gmail.com,firefighter
125,Britte,Belldas,Britte.Belldas@yopmail.com,Britte.Belldas@gmail.com,worker
126,Cyb,Loring,Cyb.Loring@yopmail.com,Cyb.Loring@gmail.com,doctor
127,Moyna,Hubert,Moyna.Hubert@yopmail.com,Moyna.Hubert@gmail.com,developer
128,Marline,Smitt,Marline.Smitt@yopmail.com,Marline.Smitt@gmail.com,doctor
129,Kimmy,Buckler,Kimmy.Buckler@yopmail.com,Kimmy.Buckler@gmail.com,worker
130,Kaia,Chauncey,Kaia.Chauncey@yopmail.com,Kaia.Chauncey@gmail.com,firefighter
131,Gusty,Rubie,Gusty.Rubie@yopmail.com,Gusty.Rubie@gmail.com,police officer
132,Dianemarie,Meli,Dianemarie.Meli@yopmail.com,Dianemarie.Meli@gmail.com,firefighter
133,Julieta,Seagraves,Julieta.Seagraves@yopmail.com,Julieta.Seagraves@gmail.com,firefighter
134,Heida,Kannry,Heida.Kannry@yopmail.com,Heida.Kannry@gmail.com,firefighter
135,Leia,Bow,Leia.Bow@yopmail.com,Leia.Bow@gmail.com,police officer
136,Dagmar,Capello,Dagmar.Capello@yopmail.com,Dagmar.Capello@gmail.com,police officer
137,Jeanna,Faust,Jeanna.Faust@yopmail.com,Jeanna.Faust@gmail.com,developer
138,Ronna,Suanne,Ronna.Suanne@yopmail.com,Ronna.Suanne@gmail.com,firefighter
139,Olivette,Grosz,Olivette.Grosz@yopmail.com,Olivette.Grosz@gmail.com,developer
140,Lonnie,Delacourt,Lonnie.Delacourt@yopmail.com,Lonnie.Delacourt@gmail.com,developer
141,Gianina,Kannry,Gianina.Kannry@yopmail.com,Gianina.Kannry@gmail.com,doctor
142,Elie,Brieta,Elie.Brieta@yopmail.com,Elie.Brieta@gmail.com,doctor
143,Shaylyn,Bethany,Shaylyn.Bethany@yopmail.com,Shaylyn.Bethany@gmail.com,developer
144,Adele,Daegal,Adele.Daegal@yopmail.com,Adele.Daegal@gmail.com,developer
145,Binny,Meli,Binny.Meli@yopmail.com,Binny.Meli@gmail.com,worker
146,Liana,Mata,Liana.Mata@yopmail.com,Liana.Mata@gmail.com,developer
147,Lorenza,Strephon,Lorenza.Strephon@yopmail.com,Lorenza.Strephon@gmail.com,worker
148,Ethel,Genna,Ethel.Genna@yopmail.com,Ethel.Genna@gmail.com,firefighter
149,Louella,Nedrud,Louella.Nedrud@yopmail.com,Louella.Nedrud@gmail.com,police officer
150,Tera,Hachmin,Tera.Hachmin@yopmail.com,Tera.Hachmin@gmail.com,police officer
151,Dominga,Estella,Dominga.Estella@yopmail.com,Dominga.Estella@gmail.com,developer
152,Belva,Stav,Belva.Stav@yopmail.com,Belva.Stav@gmail.com,developer
153,Danika,Payson,Danika.Payson@yopmail.com,Danika.Payson@gmail.com,worker
154,Aeriela,Shaver,Aeriela.Shaver@yopmail.com,Aeriela.Shaver@gmail.com,developer
155,Jinny,Glovsky,Jinny.Glovsky@yopmail.com,Jinny.Glovsky@gmail.com,firefighter
156,Halette,Thunell,Halette.Thunell@yopmail.com,Halette.Thunell@gmail.com,firefighter
157,Rivalee,Gaynor,Rivalee.Gaynor@yopmail.com,Rivalee.Gaynor@gmail.com,police officer
158,Marsiella,Chem,Marsiella.Chem@yopmail.com,Marsiella.Chem@gmail.com,firefighter
159,Heida,Even,Heida.Even@yopmail.com,Heida.Even@gmail.com,worker
160,Eadie,Astra,Eadie.Astra@yopmail.com,Eadie.Astra@gmail.com,worker
161,Shannah,Gombach,Shannah.Gombach@yopmail.com,Shannah.Gombach@gmail.com,developer
162,Evaleen,Sherfield,Evaleen.Sherfield@yopmail.com,Evaleen.Sherfield@gmail.com,developer
163,Lauryn,Celestine,Lauryn.Celestine@yopmail.com,Lauryn.Celestine@gmail.com,worker
164,Cindelyn,Truc,Cindelyn.Truc@yopmail.com,Cindelyn.Truc@gmail.com,police officer
165,Fredericka,Aida,Fredericka.Aida@yopmail.com,Fredericka.Aida@gmail.com,police officer
166,Caryl,Bartlett,Caryl.Bartlett@yopmail.com,Caryl.Bartlett@gmail.com,worker
167,Miquela,Goldina,Miquela.Goldina@yopmail.com,Miquela.Goldina@gmail.com,police officer
168,Briney,Ferrell,Briney.Ferrell@yopmail.com,Briney.Ferrell@gmail.com,developer
169,Chloris,Etom,Chloris.Etom@yopmail.com,Chloris.Etom@gmail.com,firefighter
170,Glenda,Francene,Glenda.Francene@yopmail.com,Glenda.Francene@gmail.com,doctor
171,Kial,Cornelia,Kial.Cornelia@yopmail.com,Kial.Cornelia@gmail.com,doctor
172,Jennica,Dom,Jennica.Dom@yopmail.com,Jennica.Dom@gmail.com,doctor
173,Carlie,Poppy,Carlie.Poppy@yopmail.com,Carlie.Poppy@gmail.com,police officer
174,Glenda,Sasnett,Glenda.Sasnett@yopmail.com,Glenda.Sasnett@gmail.com,firefighter
175,Heddie,Guildroy,Heddie.Guildroy@yopmail.com,Heddie.Guildroy@gmail.com,worker
176,Marline,Heisel,Marline.Heisel@yopmail.com,Marline.Heisel@gmail.com,developer
177,Albertina,Jotham,Albertina.Jotham@yopmail.com,Albertina.Jotham@gmail.com,firefighter
178,Donetta,Tybald,Donetta.Tybald@yopmail.com,Donetta.Tybald@gmail.com,doctor
179,Ileana,Raimondo,Ileana.Raimondo@yopmail.com,Ileana.Raimondo@gmail.com,doctor
180,Karena,Bow,Karena.Bow@yopmail.com,Karena.Bow@gmail.com,firefighter
181,Jennica,Hylan,Jennica.Hylan@yopmail.com,Jennica.Hylan@gmail.com,doctor
182,Teriann,Rooney,Teriann.Rooney@yopmail.com,Teriann.Rooney@gmail.com,police officer
183,Harrietta,Mike,Harrietta.Mike@yopmail.com,Harrietta.Mike@gmail.com,police officer
184,Tierney,Malanie,Tierney.Malanie@yopmail.com,Tierney.Malanie@gmail.com,developer
185,Gilda,Ovid,Gilda.Ovid@yopmail.com,Gilda.Ovid@gmail.com,doctor
186,Mamie,Honoria,Mamie.Honoria@yopmail.com,Mamie.Honoria@gmail.com,worker
187,Jany,Gwenore,Jany.Gwenore@yopmail.com,Jany.Gwenore@gmail.com,worker
188,Halette,Tamar,Halette.Tamar@yopmail.com,Halette.Tamar@gmail.com,firefighter
189,Albertina,Montgomery,Albertina.Montgomery@yopmail.com,Albertina.Montgomery@gmail.com,firefighter
190,Kaia,Kathie,Kaia.Kathie@yopmail.com,Kaia.Kathie@gmail.com,developer
191,Paulita,Raul,Paulita.Raul@yopmail.com,Paulita.Raul@gmail.com,firefighter
192,Chastity,Posner,Chastity.Posner@yopmail.com,Chastity.Posner@gmail.com,doctor
193,Gretal,Ferrell,Gretal.Ferrell@yopmail.com,Gretal.Ferrell@gmail.com,firefighter
194,Ulrike,Sammons,Ulrike.Sammons@yopmail.com,Ulrike.Sammons@gmail.com,firefighter
195,Corene,Abram,Corene.Abram@yopmail.com,Corene.Abram@gmail.com,police officer
196,Priscilla,Merriott,Priscilla.Merriott@yopmail.com,Priscilla.Merriott@gmail.com,developer
197,Meg,Auberbach,Meg.Auberbach@yopmail.com,Meg.Auberbach@gmail.com,firefighter
198,Roberta,Dahlia,Roberta.Dahlia@yopmail.com,Roberta.Dahlia@gmail.com,doctor
199,Silvana,Jobi,Silvana.Jobi@yopmail.com,Silvana.Jobi@gmail.com,developer
200,Ekaterina,Rubie,Ekaterina.Rubie@yopmail.com,Ekaterina.Rubie@gmail.com,developer
201,Chandra,Candy,Chandra.Candy@yopmail.com,Chandra.Candy@gmail.com,firefighter
202,Hermione,Cherianne,Hermione.Cherianne@yopmail.com,Hermione.Cherianne@gmail.com,doctor
203,Ashlee,Brandice,Ashlee.Brandice@yopmail.com,Ashlee.Brandice@gmail.com,developer
204,Stacey,Ingra,Stacey.Ingra@yopmail.com,Stacey.Ingra@gmail.com,developer
205,Wynne,Shama,Wynne.Shama@yopmail.com,Wynne.Shama@gmail.com,firefighter
206,Quintina,Avi,Quintina.Avi@yopmail.com,Quintina.Avi@gmail.com,developer
207,Etta,Schalles,Etta.Schalles@yopmail.com,Etta.Schalles@gmail.com,firefighter
208,Lila,Jillane,Lila.Jillane@yopmail.com,Lila.Jillane@gmail.com,police officer
209,Linet,Rozanna,Linet.Rozanna@yopmail.com,Linet.Rozanna@gmail.com,police officer
210,Kate,Chaing,Kate.Chaing@yopmail.com,Kate.Chaing@gmail.com,doctor
211,Deirdre,Kat,Deirdre.Kat@yopmail.com,Deirdre.Kat@gmail.com,police officer
212,Lacie,Ralfston,Lacie.Ralfston@yopmail.com,Lacie.Ralfston@gmail.com,police officer
213,Letizia,Terencio,Letizia.Terencio@yopmail.com,Letizia.Terencio@gmail.com,firefighter
214,Gerianna,Kirbee,Gerianna.Kirbee@yopmail.com,Gerianna.Kirbee@gmail.com,developer
215,Demetris,Izaak,Demetris.Izaak@yopmail.com,Demetris.Izaak@gmail.com,police officer
216,Ivett,Podvin,Ivett.Podvin@yopmail.com,Ivett.Podvin@gmail.com,doctor
217,Coral,Kamaria,Coral.Kamaria@yopmail.com,Coral.Kamaria@gmail.com,worker
218,Jessy,Maurine,Jessy.Maurine@yopmail.com,Jessy.Maurine@gmail.com,developer
219,Consuela,Morehouse,Consuela.Morehouse@yopmail.com,Consuela.Morehouse@gmail.com,police officer
220,Imojean,Elvyn,Imojean.Elvyn@yopmail.com,Imojean.Elvyn@gmail.com,firefighter
221,Blinni,Lipson,Blinni.Lipson@yopmail.com,Blinni.Lipson@gmail.com,doctor
222,Siana,Bari,Siana.Bari@yopmail.com,Siana.Bari@gmail.com,doctor
223,Carree,Havens,Carree.Havens@yopmail.com,Carree.Havens@gmail.com,developer
224,Fayre,Vary,Fayre.Vary@yopmail.com,Fayre.Vary@gmail.com,firefighter
225,Myriam,Nisbet,Myriam.Nisbet@yopmail.com,Myriam.Nisbet@gmail.com,police officer
226,Tani,Noelyn,Tani.Noelyn@yopmail.com,Tani.Noelyn@gmail.com,firefighter
227,Brooks,Mich,Brooks.Mich@yopmail.com,Brooks.Mich@gmail.com,doctor
228,Stephanie,Eckblad,Stephanie.Eckblad@yopmail.com,Stephanie.Eckblad@gmail.com,doctor
229,Merry,Kussell,Merry.Kussell@yopmail.com,Merry.Kussell@gmail.com,firefighter
230,Wileen,Iphlgenia,Wileen.Iphlgenia@yopmail.com,Wileen.Iphlgenia@gmail.com,police officer
231,Viki,Arley,Viki.Arley@yopmail.com,Viki.Arley@gmail.com,developer
232,Heida,Madox,Heida.Madox@yopmail.com,Heida.Madox@gmail.com,doctor
233,Marcy,Infield,Marcy.Infield@yopmail.com,Marcy.Infield@gmail.com,firefighter
234,Rosene,Couture,Rosene.Couture@yopmail.com,Rosene.Couture@gmail.com,firefighter
235,Basia,Si,Basia.Si@yopmail.com,Basia.Si@gmail.com,police officer
236,Leia,Amadas,Leia.Amadas@yopmail.com,Leia.Amadas@gmail.com,developer
237,Dulcinea,Ummersen,Dulcinea.Ummersen@yopmail.com,Dulcinea.Ummersen@gmail.com,developer
238,Marika,Isacco,Marika.Isacco@yopmail.com,Marika.Isacco@gmail.com,worker
239,Amii,Adlare,Amii.Adlare@yopmail.com,Amii.Adlare@gmail.com,police officer
240,Marylou,Idelia,Marylou.Idelia@yopmail.com,Marylou.Idelia@gmail.com,worker
241,Rosene,Suzetta,Rosene.Suzetta@yopmail.com,Rosene.Suzetta@gmail.com,developer
242,Merry,Munn,Merry.Munn@yopmail.com,Merry.Munn@gmail.com,developer
243,June,Baptlsta,June.Baptlsta@yopmail.com,June.Baptlsta@gmail.com,worker
244,Glenda,Goode,Glenda.Goode@yopmail.com,Glenda.Goode@gmail.com,developer
245,Tatiania,Wilona,Tatiania.Wilona@yopmail.com,Tatiania.Wilona@gmail.com,doctor
246,Raquela,Jacobah,Raquela.Jacobah@yopmail.com,Raquela.Jacobah@gmail.com,police officer
247,Ada,Grosz,Ada.Grosz@yopmail.com,Ada.Grosz@gmail.com,doctor
248,Elyssa,Brian,Elyssa.Brian@yopmail.com,Elyssa.Brian@gmail.com,firefighter
249,Clary,Concha,Clary.Concha@yopmail.com,Clary.Concha@gmail.com,doctor
250,Heddie,Kinnard,Heddie.Kinnard@yopmail.com,Heddie.Kinnard@gmail.com,doctor
251,Rori,Klotz,Rori.Klotz@yopmail.com,Rori.Klotz@gmail.com,developer
252,Lila,Kat,Lila.Kat@yopmail.com,Lila.Kat@gmail.com,police officer
253,Rosaline,Amethist,Rosaline.Amethist@yopmail.com,Rosaline.Amethist@gmail.com,developer
254,Carmela,Darrell,Carmela.Darrell@yopmail.com,Carmela.Darrell@gmail.com,worker
255,Lynea,Mott,Lynea.Mott@yopmail.com,Lynea.Mott@gmail.com,police officer
256,Rebeca,Saunderson,Rebeca.Saunderson@yopmail.com,Rebeca.Saunderson@gmail.com,police officer
257,Millie,Ummersen,Millie.Ummersen@yopmail.com,Millie.Ummersen@gmail.com,firefighter
258,Flory,Heidt,Flory.Heidt@yopmail.com,Flory.Heidt@gmail.com,doctor
259,Deirdre,Helfand,Deirdre.Helfand@yopmail.com,Deirdre.Helfand@gmail.com,worker
260,Myriam,Douglass,Myriam.Douglass@yopmail.com,Myriam.Douglass@gmail.com,doctor
261,Cam,Salchunas,Cam.Salchunas@yopmail.com,Cam.Salchunas@gmail.com,police officer
262,Mara,Joseph,Mara.Joseph@yopmail.com,Mara.Joseph@gmail.com,police officer
263,Adore,Timon,Adore.Timon@yopmail.com,Adore.Timon@gmail.com,doctor
264,Leona,Remmer,Leona.Remmer@yopmail.com,Leona.Remmer@gmail.com,worker
265,Harmonia,McCutcheon,Harmonia.McCutcheon@yopmail.com,Harmonia.McCutcheon@gmail.com,firefighter
266,Karly,Alwin,Karly.Alwin@yopmail.com,Karly.Alwin@gmail.com,worker
267,Shell,Zenas,Shell.Zenas@yopmail.com,Shell.Zenas@gmail.com,worker
268,Lisette,Boycey,Lisette.Boycey@yopmail.com,Lisette.Boycey@gmail.com,firefighter
269,Bill,Bebe,Bill.Bebe@yopmail.com,Bill.Bebe@gmail.com,police officer
270,Robbi,Rodmann,Robbi.Rodmann@yopmail.com,Robbi.Rodmann@gmail.com,firefighter
271,Mildrid,Hylan,Mildrid.Hylan@yopmail.com,Mildrid.Hylan@gmail.com,developer
272,Rori,Silvan,Rori.Silvan@yopmail.com,Rori.Silvan@gmail.com,doctor
273,Beverley,Riordan,Beverley.Riordan@yopmail.com,Beverley.Riordan@gmail.com,developer
274,Kary,Ackerley,Kary.Ackerley@yopmail.com,Kary.Ackerley@gmail.com,developer
275,Concettina,Idelia,Concettina.Idelia@yopmail.com,Concettina.Idelia@gmail.com,worker
276,Ashlee,Drisko,Ashlee.Drisko@yopmail.com,Ashlee.Drisko@gmail.com,developer
277,Stevana,Buttaro,Stevana.Buttaro@yopmail.com,Stevana.Buttaro@gmail.com,worker
278,Florie,Engdahl,Florie.Engdahl@yopmail.com,Florie.Engdahl@gmail.com,police officer
279,Dyann,Daveta,Dyann.Daveta@yopmail.com,Dyann.Daveta@gmail.com,worker
280,Lyssa,Bettine,Lyssa.Bettine@yopmail.com,Lyssa.Bettine@gmail.com,doctor
281,Ira,Ambrosia,Ira.Ambrosia@yopmail.com,Ira.Ambrosia@gmail.com,police officer
282,Daphne,Barrus,Daphne.Barrus@yopmail.com,Daphne.Barrus@gmail.com,developer
283,Esmeralda,Avi,Esmeralda.Avi@yopmail.com,Esmeralda.Avi@gmail.com,developer
284,Robinia,Norvol,Robinia.Norvol@yopmail.com,Robinia.Norvol@gmail.com,police officer
285,Jenilee,Kirstin,Jenilee.Kirstin@yopmail.com,Jenilee.Kirstin@gmail.com,police officer
286,Imojean,Chem,Imojean.Chem@yopmail.com,Imojean.Chem@gmail.com,developer
287,Sabina,Thomasina,Sabina.Thomasina@yopmail.com,Sabina.Thomasina@gmail.com,police officer
288,Dorice,Hoban,Dorice.Hoban@yopmail.com,Dorice.Hoban@gmail.com,police officer
289,Doro,Primalia,Doro.Primalia@yopmail.com,Doro.Primalia@gmail.com,firefighter
290,Meghann,Old,Meghann.Old@yopmail.com,Meghann.Old@gmail.com,firefighter
291,Hannis,Frendel,Hannis.Frendel@yopmail.com,Hannis.Frendel@gmail.com,doctor
292,Hildegaard,Brieta,Hildegaard.Brieta@yopmail.com,Hildegaard.Brieta@gmail.com,doctor
293,Philis,Durante,Philis.Durante@yopmail.com,Philis.Durante@gmail.com,firefighter
294,Merle,Haymes,Merle.Haymes@yopmail.com,Merle.Haymes@gmail.com,doctor
295,Corry,Geffner,Corry.Geffner@yopmail.com,Corry.Geffner@gmail.com,doctor
296,Kaia,Sallyann,Kaia.Sallyann@yopmail.com,Kaia.Sallyann@gmail.com,police officer
297,Raquela,Bronk,Raquela.Bronk@yopmail.com,Raquela.Bronk@gmail.com,firefighter
298,Wynne,Larochelle,Wynne.Larochelle@yopmail.com,Wynne.Larochelle@gmail.com,worker
299,Adelle,Therine,Adelle.Therine@yopmail.com,Adelle.Therine@gmail.com,doctor
300,Kore,Ehrman,Kore.Ehrman@yopmail.com,Kore.Ehrman@gmail.com,police officer
301,Millie,Pyle,Millie.Pyle@yopmail.com,Millie.Pyle@gmail.com,police officer
302,Marjie,Rurik,Marjie.Rurik@yopmail.com,Marjie.Rurik@gmail.com,worker
303,Kate,Lareena,Kate.Lareena@yopmail.com,Kate.Lareena@gmail.com,developer
304,Selma,Sammons,Selma.Sammons@yopmail.com,Selma.Sammons@gmail.com,doctor
305,Loree,Marsden,Loree.Marsden@yopmail.com,Loree.Marsden@gmail.com,police officer
306,Randa,Stelle,Randa.Stelle@yopmail.com,Randa.Stelle@gmail.com,developer
307,Zia,Craggie,Zia.Craggie@yopmail.com,Zia.Craggie@gmail.com,police officer
308,Lizzie,Hull,Lizzie.Hull@yopmail.com,Lizzie.Hull@gmail.com,firefighter
309,Lanna,Paton,Lanna.Paton@yopmail.com,Lanna.Paton@gmail.com,worker
310,Giustina,Alisia,Giustina.Alisia@yopmail.com,Giustina.Alisia@gmail.com,developer
311,Dode,Hessler,Dode.Hessler@yopmail.com,Dode.Hessler@gmail.com,police officer
312,Hayley,Lilas,Hayley.Lilas@yopmail.com,Hayley.Lilas@gmail.com,doctor
313,Modestia,Kenney,Modestia.Kenney@yopmail.com,Modestia.Kenney@gmail.com,firefighter
314,Cacilie,Duwalt,Cacilie.Duwalt@yopmail.com,Cacilie.Duwalt@gmail.com,doctor
315,Catharine,Vernier,Catharine.Vernier@yopmail.com,Catharine.Vernier@gmail.com,worker
316,Kaja,Taima,Kaja.Taima@yopmail.com,Kaja.Taima@gmail.com,worker
317,Helena,Baudin,Helena.Baudin@yopmail.com,Helena.Baudin@gmail.com,doctor
318,Alexine,Infield,Alexine.Infield@yopmail.com,Alexine.Infield@gmail.com,doctor
319,Wilma,Richers,Wilma.Richers@yopmail.com,Wilma.Richers@gmail.com,doctor
320,Margette,Philipp,Margette.Philipp@yopmail.com,Margette.Philipp@gmail.com,police officer
321,Rivalee,Susannah,Rivalee.Susannah@yopmail.com,Rivalee.Susannah@gmail.com,firefighter
322,Beatriz,Rillings,Beatriz.Rillings@yopmail.com,Beatriz.Rillings@gmail.com,worker
323,Iseabal,Rosemary,Iseabal.Rosemary@yopmail.com,Iseabal.Rosemary@gmail.com,firefighter
324,Glenda,Firmin,Glenda.Firmin@yopmail.com,Glenda.Firmin@gmail.com,worker
325,Magdalena,Teddman,Magdalena.Teddman@yopmail.com,Magdalena.Teddman@gmail.com,developer
326,Wynne,Jillane,Wynne.Jillane@yopmail.com,Wynne.Jillane@gmail.com,police officer
327,Rozele,Prober,Rozele.Prober@yopmail.com,Rozele.Prober@gmail.com,doctor
328,Tressa,Heidt,Tressa.Heidt@yopmail.com,Tressa.Heidt@gmail.com,doctor
329,Linzy,Helfand,Linzy.Helfand@yopmail.com,Linzy.Helfand@gmail.com,police officer
330,Sybille,Nikaniki,Sybille.Nikaniki@yopmail.com,Sybille.Nikaniki@gmail.com,police officer
331,Ginnie,Drus,Ginnie.Drus@yopmail.com,Ginnie.Drus@gmail.com,firefighter
332,Elora,Othilia,Elora.Othilia@yopmail.com,Elora.Othilia@gmail.com,police officer
333,Fayre,Wiener,Fayre.Wiener@yopmail.com,Fayre.Wiener@gmail.com,doctor
334,Jemie,Martsen,Jemie.Martsen@yopmail.com,Jemie.Martsen@gmail.com,developer
335,Alameda,Shaddock,Alameda.Shaddock@yopmail.com,Alameda.Shaddock@gmail.com,doctor
336,Jenilee,Darbie,Jenilee.Darbie@yopmail.com,Jenilee.Darbie@gmail.com,police officer
337,Cissiee,Wiener,Cissiee.Wiener@yopmail.com,Cissiee.Wiener@gmail.com,police officer
338,Genovera,Thornburg,Genovera.Thornburg@yopmail.com,Genovera.Thornburg@gmail.com,developer
339,Siana,Oriana,Siana.Oriana@yopmail.com,Siana.Oriana@gmail.com,worker
340,Juliane,Salchunas,Juliane.Salchunas@yopmail.com,Juliane.Salchunas@gmail.com,doctor
341,Lauryn,Faria,Lauryn.Faria@yopmail.com,Lauryn.Faria@gmail.com,doctor
342,Renie,Libna,Renie.Libna@yopmail.com,Renie.Libna@gmail.com,developer
343,Daphne,Dom,Daphne.Dom@yopmail.com,Daphne.Dom@gmail.com,firefighter
344,Kelly,Auberbach,Kelly.Auberbach@yopmail.com,Kelly.Auberbach@gmail.com,developer
345,Winny,Orlene,Winny.Orlene@yopmail.com,Winny.Orlene@gmail.com,police officer
346,Laure,Romelda,Laure.Romelda@yopmail.com,Laure.Romelda@gmail.com,firefighter
347,Marnia,Soneson,Marnia.Soneson@yopmail.com,Marnia.Soneson@gmail.com,developer
348,Kimberley,Helfand,Kimberley.Helfand@yopmail.com,Kimberley.Helfand@gmail.com,police officer
349,Candi,Melony,Candi.Melony@yopmail.com,Candi.Melony@gmail.com,firefighter
350,Ida,Hathaway,Ida.Hathaway@yopmail.com,Ida.Hathaway@gmail.com,doctor
351,Joleen,Payson,Joleen.Payson@yopmail.com,Joleen.Payson@gmail.com,firefighter
352,Halette,Kesley,Halette.Kesley@yopmail.com,Halette.Kesley@gmail.com,firefighter
353,Gratia,Ludewig,Gratia.Ludewig@yopmail.com,Gratia.Ludewig@gmail.com,developer
354,Caressa,Tice,Caressa.Tice@yopmail.com,Caressa.Tice@gmail.com,worker
355,Briney,Slifka,Briney.Slifka@yopmail.com,Briney.Slifka@gmail.com,firefighter
356,Cristabel,Bouchard,Cristabel.Bouchard@yopmail.com,Cristabel.Bouchard@gmail.com,worker
357,Mahalia,Brandice,Mahalia.Brandice@yopmail.com,Mahalia.Brandice@gmail.com,developer
358,Marti,Hartnett,Marti.Hartnett@yopmail.com,Marti.Hartnett@gmail.com,worker
359,Ileana,Dorine,Ileana.Dorine@yopmail.com,Ileana.Dorine@gmail.com,worker
360,Candy,Mullane,Candy.Mullane@yopmail.com,Candy.Mullane@gmail.com,firefighter
361,Juliane,Chapland,Juliane.Chapland@yopmail.com,Juliane.Chapland@gmail.com,firefighter
362,Audrie,Montgomery,Audrie.Montgomery@yopmail.com,Audrie.Montgomery@gmail.com,doctor
363,Clary,Hewitt,Clary.Hewitt@yopmail.com,Clary.Hewitt@gmail.com,doctor
364,Kimmy,Alabaster,Kimmy.Alabaster@yopmail.com,Kimmy.Alabaster@gmail.com,developer
365,Marsiella,Fadiman,Marsiella.Fadiman@yopmail.com,Marsiella.Fadiman@gmail.com,firefighter
366,Carree,Rhu,Carree.Rhu@yopmail.com,Carree.Rhu@gmail.com,worker
367,Zondra,Nadia,Zondra.Nadia@yopmail.com,Zondra.Nadia@gmail.com,doctor
368,Correy,Belanger,Correy.Belanger@yopmail.com,Correy.Belanger@gmail.com,worker
369,Aaren,Bearnard,Aaren.Bearnard@yopmail.com,Aaren.Bearnard@gmail.com,police officer
370,Marylou,Libna,Marylou.Libna@yopmail.com,Marylou.Libna@gmail.com,firefighter
371,Pierette,Goldina,Pierette.Goldina@yopmail.com,Pierette.Goldina@gmail.com,developer
372,Deloria,Robertson,Deloria.Robertson@yopmail.com,Deloria.Robertson@gmail.com,developer
373,Tami,Masao,Tami.Masao@yopmail.com,Tami.Masao@gmail.com,police officer
374,Karina,Lymann,Karina.Lymann@yopmail.com,Karina.Lymann@gmail.com,worker
375,Wileen,Maribeth,Wileen.Maribeth@yopmail.com,Wileen.Maribeth@gmail.com,firefighter
376,Ezmeralda,Bandeen,Ezmeralda.Bandeen@yopmail.com,Ezmeralda.Bandeen@gmail.com,doctor
377,Hildegaard,Fink,Hildegaard.Fink@yopmail.com,Hildegaard.Fink@gmail.com,worker
378,Dorene,Pyle,Dorene.Pyle@yopmail.com,Dorene.Pyle@gmail.com,police officer
379,Nadine,Faria,Nadine.Faria@yopmail.com,Nadine.Faria@gmail.com,firefighter
380,Aigneis,Ranjiv,Aigneis.Ranjiv@yopmail.com,Aigneis.Ranjiv@gmail.com,firefighter
381,Hayley,Aldric,Hayley.Aldric@yopmail.com,Hayley.Aldric@gmail.com,developer
382,Mellicent,Kylander,Mellicent.Kylander@yopmail.com,Mellicent.Kylander@gmail.com,developer
383,Merry,Vastah,Merry.Vastah@yopmail.com,Merry.Vastah@gmail.com,firefighter
384,Caryl,Saunderson,Caryl.Saunderson@yopmail.com,Caryl.Saunderson@gmail.com,worker
385,Regina,MacIntosh,Regina.MacIntosh@yopmail.com,Regina.MacIntosh@gmail.com,doctor
386,Mureil,Arne,Mureil.Arne@yopmail.com,Mureil.Arne@gmail.com,doctor
387,Gui,Concha,Gui.Concha@yopmail.com,Gui.Concha@gmail.com,firefighter
388,Orsola,Lunsford,Orsola.Lunsford@yopmail.com,Orsola.Lunsford@gmail.com,police officer
389,Sonni,Dash,Sonni.Dash@yopmail.com,Sonni.Dash@gmail.com,firefighter
390,Brietta,Lacombe,Brietta.Lacombe@yopmail.com,Brietta.Lacombe@gmail.com,police officer
391,Sandie,Pillsbury,Sandie.Pillsbury@yopmail.com,Sandie.Pillsbury@gmail.com,doctor
392,Alyda,Decato,Alyda.Decato@yopmail.com,Alyda.Decato@gmail.com,doctor
393,Joane,Letsou,Joane.Letsou@yopmail.com,Joane.Letsou@gmail.com,worker
394,Gerrie,Arvo,Gerrie.Arvo@yopmail.com,Gerrie.Arvo@gmail.com,worker
395,Loree,Marijo,Loree.Marijo@yopmail.com,Loree.Marijo@gmail.com,developer
396,Yolane,Tice,Yolane.Tice@yopmail.com,Yolane.Tice@gmail.com,worker
397,Jordan,Bevin,Jordan.Bevin@yopmail.com,Jordan.Bevin@gmail.com,worker
398,Demetris,Cimbura,Demetris.Cimbura@yopmail.com,Demetris.Cimbura@gmail.com,worker
399,Norine,Kylander,Norine.Kylander@yopmail.com,Norine.Kylander@gmail.com,developer
400,Celisse,Wattenberg,Celisse.Wattenberg@yopmail.com,Celisse.Wattenberg@gmail.com,doctor
401,Helsa,Sperling,Helsa.Sperling@yopmail.com,Helsa.Sperling@gmail.com,firefighter
402,Teriann,Maisey,Teriann.Maisey@yopmail.com,Teriann.Maisey@gmail.com,police officer
403,Dennie,Stephie,Dennie.Stephie@yopmail.com,Dennie.Stephie@gmail.com,developer
404,Bee,Raama,Bee.Raama@yopmail.com,Bee.Raama@gmail.com,doctor
405,Merry,Dash,Merry.Dash@yopmail.com,Merry.Dash@gmail.com,doctor
406,Alyssa,Pandolfi,Alyssa.Pandolfi@yopmail.com,Alyssa.Pandolfi@gmail.com,developer
407,Natka,Killigrew,Natka.Killigrew@yopmail.com,Natka.Killigrew@gmail.com,doctor
408,Ardenia,Lea,Ardenia.Lea@yopmail.com,Ardenia.Lea@gmail.com,developer
409,Shandie,Roche,Shandie.Roche@yopmail.com,Shandie.Roche@gmail.com,firefighter
410,Tersina,Bashemeth,Tersina.Bashemeth@yopmail.com,Tersina.Bashemeth@gmail.com,developer
411,Monika,Loring,Monika.Loring@yopmail.com,Monika.Loring@gmail.com,worker
412,Olivette,Berriman,Olivette.Berriman@yopmail.com,Olivette.Berriman@gmail.com,firefighter
413,Mary,Chinua,Mary.Chinua@yopmail.com,Mary.Chinua@gmail.com,doctor
414,Mamie,Wu,Mamie.Wu@yopmail.com,Mamie.Wu@gmail.com,firefighter
415,Calla,Myrilla,Calla.Myrilla@yopmail.com,Calla.Myrilla@gmail.com,developer
416,Gwyneth,Idelia,Gwyneth.Idelia@yopmail.com,Gwyneth.Idelia@gmail.com,worker
417,Elora,Sharl,Elora.Sharl@yopmail.com,Elora.Sharl@gmail.com,developer
418,Amii,Colp,Amii.Colp@yopmail.com,Amii.Colp@gmail.com,developer
419,Donnie,Honoria,Donnie.Honoria@yopmail.com,Donnie.Honoria@gmail.com,worker
420,Larine,Flyn,Larine.Flyn@yopmail.com,Larine.Flyn@gmail.com,police officer
421,Catharine,Ephrem,Catharine.Ephrem@yopmail.com,Catharine.Ephrem@gmail.com,developer
422,Sandie,Suk,Sandie.Suk@yopmail.com,Sandie.Suk@gmail.com,firefighter
423,Bobinette,Bahr,Bobinette.Bahr@yopmail.com,Bobinette.Bahr@gmail.com,doctor
424,Celestyna,Haerr,Celestyna.Haerr@yopmail.com,Celestyna.Haerr@gmail.com,doctor
425,Elie,Lowry,Elie.Lowry@yopmail.com,Elie.Lowry@gmail.com,developer
426,Rayna,Chandler,Rayna.Chandler@yopmail.com,Rayna.Chandler@gmail.com,doctor
427,Meghann,Secrest,Meghann.Secrest@yopmail.com,Meghann.Secrest@gmail.com,developer
428,Jenda,Bonucci,Jenda.Bonucci@yopmail.com,Jenda.Bonucci@gmail.com,doctor
429,Elora,Bartlett,Elora.Bartlett@yopmail.com,Elora.Bartlett@gmail.com,developer
430,Danny,Ackerley,Danny.Ackerley@yopmail.com,Danny.Ackerley@gmail.com,doctor
431,Hildegaard,Toor,Hildegaard.Toor@yopmail.com,Hildegaard.Toor@gmail.com,firefighter
432,Minda,Ciro,Minda.Ciro@yopmail.com,Minda.Ciro@gmail.com,doctor
433,Minne,Jarib,Minne.Jarib@yopmail.com,Minne.Jarib@gmail.com,doctor
434,Hettie,Vastah,Hettie.Vastah@yopmail.com,Hettie.Vastah@gmail.com,firefighter
435,Peri,Evangelia,Peri.Evangelia@yopmail.com,Peri.Evangelia@gmail.com,developer
436,Deane,Corrine,Deane.Corrine@yopmail.com,Deane.Corrine@gmail.com,firefighter
437,Cristabel,Han,Cristabel.Han@yopmail.com,Cristabel.Han@gmail.com,firefighter
438,Joy,Mendez,Joy.Mendez@yopmail.com,Joy.Mendez@gmail.com,doctor
439,Brianna,Shaddock,Brianna.Shaddock@yopmail.com,Brianna.Shaddock@gmail.com,worker
440,Stephanie,Horan,Stephanie.Horan@yopmail.com,Stephanie.Horan@gmail.com,worker
441,Romona,Nikaniki,Romona.Nikaniki@yopmail.com,Romona.Nikaniki@gmail.com,doctor
442,Ulrike,Shields,Ulrike.Shields@yopmail.com,Ulrike.Shields@gmail.com,police officer
443,Gui,Vilma,Gui.Vilma@yopmail.com,Gui.Vilma@gmail.com,police officer
444,Georgetta,Sperling,Georgetta.Sperling@yopmail.com,Georgetta.Sperling@gmail.com,worker
445,Lily,Darbie,Lily.Darbie@yopmail.com,Lily.Darbie@gmail.com,police officer
446,Bertine,Seagraves,Bertine.Seagraves@yopmail.com,Bertine.Seagraves@gmail.com,worker
447,Lila,Gunn,Lila.Gunn@yopmail.com,Lila.Gunn@gmail.com,worker
448,Lily,Pulsifer,Lily.Pulsifer@yopmail.com,Lily.Pulsifer@gmail.com,firefighter
449,Karena,Abram,Karena.Abram@yopmail.com,Karena.Abram@gmail.com,worker
450,Ayn,Kathie,Ayn.Kathie@yopmail.com,Ayn.Kathie@gmail.com,developer
451,Nannie,Macey,Nannie.Macey@yopmail.com,Nannie.Macey@gmail.com,developer
452,Cathyleen,Gunn,Cathyleen.Gunn@yopmail.com,Cathyleen.Gunn@gmail.com,police officer
453,Lita,Chick,Lita.Chick@yopmail.com,Lita.Chick@gmail.com,doctor
454,Frances,Delp,Frances.Delp@yopmail.com,Frances.Delp@gmail.com,worker
455,Sue,Lamoree,Sue.Lamoree@yopmail.com,Sue.Lamoree@gmail.com,police officer
456,Layla,Wiener,Layla.Wiener@yopmail.com,Layla.Wiener@gmail.com,doctor
457,Bill,Kussell,Bill.Kussell@yopmail.com,Bill.Kussell@gmail.com,developer
458,Jere,Gower,Jere.Gower@yopmail.com,Jere.Gower@gmail.com,police officer
459,Mara,Kiyoshi,Mara.Kiyoshi@yopmail.com,Mara.Kiyoshi@gmail.com,worker
460,Merci,Eben,Merci.Eben@yopmail.com,Merci.Eben@gmail.com,firefighter
461,Melodie,Mike,Melodie.Mike@yopmail.com,Melodie.Mike@gmail.com,worker
462,Tatiania,Bollay,Tatiania.Bollay@yopmail.com,Tatiania.Bollay@gmail.com,doctor
463,Rosabelle,Jefferey,Rosabelle.Jefferey@yopmail.com,Rosabelle.Jefferey@gmail.com,developer
464,Kathy,Jacqui,Kathy.Jacqui@yopmail.com,Kathy.Jacqui@gmail.com,doctor
465,Juliane,Harday,Juliane.Harday@yopmail.com,Juliane.Harday@gmail.com,developer
466,Rosene,Gino,Rosene.Gino@yopmail.com,Rosene.Gino@gmail.com,developer
467,Nyssa,McNully,Nyssa.McNully@yopmail.com,Nyssa.McNully@gmail.com,firefighter
468,Diena,Schonfeld,Diena.Schonfeld@yopmail.com,Diena.Schonfeld@gmail.com,doctor
469,Kimmy,Oriana,Kimmy.Oriana@yopmail.com,Kimmy.Oriana@gmail.com,firefighter
470,Margette,Nester,Margette.Nester@yopmail.com,Margette.Nester@gmail.com,firefighter
471,Frieda,Erlandson,Frieda.Erlandson@yopmail.com,Frieda.Erlandson@gmail.com,doctor
472,Dorthy,Sheng,Dorthy.Sheng@yopmail.com,Dorthy.Sheng@gmail.com,police officer
473,Lelah,Ashely,Lelah.Ashely@yopmail.com,Lelah.Ashely@gmail.com,doctor
474,Lesly,Brittani,Lesly.Brittani@yopmail.com,Lesly.Brittani@gmail.com,worker
475,Gusella,Wenda,Gusella.Wenda@yopmail.com,Gusella.Wenda@gmail.com,doctor
476,Marline,Xerxes,Marline.Xerxes@yopmail.com,Marline.Xerxes@gmail.com,doctor
477,Jorry,Eldrid,Jorry.Eldrid@yopmail.com,Jorry.Eldrid@gmail.com,developer
478,Cristine,Nerita,Cristine.Nerita@yopmail.com,Cristine.Nerita@gmail.com,worker
479,Ursulina,Ivens,Ursulina.Ivens@yopmail.com,Ursulina.Ivens@gmail.com,firefighter
480,Doro,Aida,Doro.Aida@yopmail.com,Doro.Aida@gmail.com,developer
481,Sallie,Allina,Sallie.Allina@yopmail.com,Sallie.Allina@gmail.com,worker
482,Elsie,Ambrosia,Elsie.Ambrosia@yopmail.com,Elsie.Ambrosia@gmail.com,developer
483,Concettina,Egbert,Concettina.Egbert@yopmail.com,Concettina.Egbert@gmail.com,doctor
484,Rani,Larochelle,Rani.Larochelle@yopmail.com,Rani.Larochelle@gmail.com,firefighter
485,Susette,Bollay,Susette.Bollay@yopmail.com,Susette.Bollay@gmail.com,doctor
486,Florie,Amadas,Florie.Amadas@yopmail.com,Florie.Amadas@gmail.com,worker
487,Gale,Martguerita,Gale.Martguerita@yopmail.com,Gale.Martguerita@gmail.com,doctor
488,Berta,Wenoa,Berta.Wenoa@yopmail.com,Berta.Wenoa@gmail.com,police officer
489,Inga,Therine,Inga.Therine@yopmail.com,Inga.Therine@gmail.com,police officer
490,Monika,Donoghue,Monika.Donoghue@yopmail.com,Monika.Donoghue@gmail.com,worker
491,Marnia,Vorster,Marnia.Vorster@yopmail.com,Marnia.Vorster@gmail.com,firefighter
492,Petronia,Phi,Petronia.Phi@yopmail.com,Petronia.Phi@gmail.com,doctor
493,Melodie,Sekofski,Melodie.Sekofski@yopmail.com,Melodie.Sekofski@gmail.com,firefighter
494,Tiffie,Marlie,Tiffie.Marlie@yopmail.com,Tiffie.Marlie@gmail.com,doctor
495,Olwen,Tatianas,Olwen.Tatianas@yopmail.com,Olwen.Tatianas@gmail.com,firefighter
496,Nickie,Jalbert,Nickie.Jalbert@yopmail.com,Nickie.Jalbert@gmail.com,firefighter
497,Sonni,Marijo,Sonni.Marijo@yopmail.com,Sonni.Marijo@gmail.com,police officer
498,Olivette,Stuart,Olivette.Stuart@yopmail.com,Olivette.Stuart@gmail.com,police officer
499,Tiffie,Newell,Tiffie.Newell@yopmail.com,Tiffie.Newell@gmail.com,doctor
500,Laurene,Nisbet,Laurene.Nisbet@yopmail.com,Laurene.Nisbet@gmail.com,worker
501,Collen,Modie,Collen.Modie@yopmail.com,Collen.Modie@gmail.com,developer
502,Ermengarde,Bakerman,Ermengarde.Bakerman@yopmail.com,Ermengarde.Bakerman@gmail.com,firefighter
503,Nonnah,Martguerita,Nonnah.Martguerita@yopmail.com,Nonnah.Martguerita@gmail.com,firefighter
504,Ariela,Wilona,Ariela.Wilona@yopmail.com,Ariela.Wilona@gmail.com,worker
505,Teriann,Trinetta,Teriann.Trinetta@yopmail.com,Teriann.Trinetta@gmail.com,worker
506,Neila,Korey,Neila.Korey@yopmail.com,Neila.Korey@gmail.com,doctor
507,Corene,Mullane,Corene.Mullane@yopmail.com,Corene.Mullane@gmail.com,worker
508,Chastity,Bari,Chastity.Bari@yopmail.com,Chastity.Bari@gmail.com,police officer
509,Berget,Tillford,Berget.Tillford@yopmail.com,Berget.Tillford@gmail.com,firefighter
510,Mathilda,Screens,Mathilda.Screens@yopmail.com,Mathilda.Screens@gmail.com,police officer
511,Evita,Baylor,Evita.Baylor@yopmail.com,Evita.Baylor@gmail.com,firefighter
512,Anallese,Moseley,Anallese.Moseley@yopmail.com,Anallese.Moseley@gmail.com,firefighter
513,Yetty,Francene,Yetty.Francene@yopmail.com,Yetty.Francene@gmail.com,firefighter
514,Cherrita,Fredi,Cherrita.Fredi@yopmail.com,Cherrita.Fredi@gmail.com,police officer
515,Winifred,Schlosser,Winifred.Schlosser@yopmail.com,Winifred.Schlosser@gmail.com,worker
516,Dolli,Malina,Dolli.Malina@yopmail.com,Dolli.Malina@gmail.com,doctor
517,Lulita,Thilda,Lulita.Thilda@yopmail.com,Lulita.Thilda@gmail.com,firefighter
518,Florie,Afton,Florie.Afton@yopmail.com,Florie.Afton@gmail.com,police officer
519,Madalyn,Colleen,Madalyn.Colleen@yopmail.com,Madalyn.Colleen@gmail.com,police officer
520,Kathi,Septima,Kathi.Septima@yopmail.com,Kathi.Septima@gmail.com,developer
521,Kirbee,Grobe,Kirbee.Grobe@yopmail.com,Kirbee.Grobe@gmail.com,developer
522,Maridel,Esmaria,Maridel.Esmaria@yopmail.com,Maridel.Esmaria@gmail.com,developer
523,Jeanna,Isidore,Jeanna.Isidore@yopmail.com,Jeanna.Isidore@gmail.com,worker
524,Maridel,Manolo,Maridel.Manolo@yopmail.com,Maridel.Manolo@gmail.com,police officer
525,Inga,Sharl,Inga.Sharl@yopmail.com,Inga.Sharl@gmail.com,firefighter
526,Julieta,Brotherson,Julieta.Brotherson@yopmail.com,Julieta.Brotherson@gmail.com,police officer
527,Chickie,Urias,Chickie.Urias@yopmail.com,Chickie.Urias@gmail.com,doctor
528,Natka,Denis,Natka.Denis@yopmail.com,Natka.Denis@gmail.com,developer
529,Wendi,Alrich,Wendi.Alrich@yopmail.com,Wendi.Alrich@gmail.com,doctor
530,Dagmar,Breed,Dagmar.Breed@yopmail.com,Dagmar.Breed@gmail.com,police officer
531,Orelia,Bonucci,Orelia.Bonucci@yopmail.com,Orelia.Bonucci@gmail.com,doctor
532,Almeta,Kaete,Almeta.Kaete@yopmail.com,Almeta.Kaete@gmail.com,police officer
533,Jasmina,Sperling,Jasmina.Sperling@yopmail.com,Jasmina.Sperling@gmail.com,worker
534,Mary,Cristi,Mary.Cristi@yopmail.com,Mary.Cristi@gmail.com,firefighter
535,Sophia,Truc,Sophia.Truc@yopmail.com,Sophia.Truc@gmail.com,doctor
536,Sophia,Muriel,Sophia.Muriel@yopmail.com,Sophia.Muriel@gmail.com,developer
537,Annice,Artie,Annice.Artie@yopmail.com,Annice.Artie@gmail.com,firefighter
538,Basia,Drus,Basia.Drus@yopmail.com,Basia.Drus@gmail.com,worker
539,Inga,Juan,Inga.Juan@yopmail.com,Inga.Juan@gmail.com,worker
540,Sean,Dawkins,Sean.Dawkins@yopmail.com,Sean.Dawkins@gmail.com,police officer
541,Meghann,Old,Meghann.Old@yopmail.com,Meghann.Old@gmail.com,police officer
542,Lynea,Stevy,Lynea.Stevy@yopmail.com,Lynea.Stevy@gmail.com,worker
543,Aaren,Rheingold,Aaren.Rheingold@yopmail.com,Aaren.Rheingold@gmail.com,firefighter
544,Maurene,Scammon,Maurene.Scammon@yopmail.com,Maurene.Scammon@gmail.com,worker
545,Zondra,Wadell,Zondra.Wadell@yopmail.com,Zondra.Wadell@gmail.com,doctor
546,Charlena,Marlie,Charlena.Marlie@yopmail.com,Charlena.Marlie@gmail.com,police officer
547,Merle,Japeth,Merle.Japeth@yopmail.com,Merle.Japeth@gmail.com,worker
548,Adore,Maroney,Adore.Maroney@yopmail.com,Adore.Maroney@gmail.com,firefighter
549,Kaja,Berne,Kaja.Berne@yopmail.com,Kaja.Berne@gmail.com,developer
550,Leia,Lattie,Leia.Lattie@yopmail.com,Leia.Lattie@gmail.com,police officer
551,Morganica,Bahr,Morganica.Bahr@yopmail.com,Morganica.Bahr@gmail.com,worker
552,Gwyneth,Dudley,Gwyneth.Dudley@yopmail.com,Gwyneth.Dudley@gmail.com,developer
553,Jennica,Lamoree,Jennica.Lamoree@yopmail.com,Jennica.Lamoree@gmail.com,firefighter
554,Cyb,Yate,Cyb.Yate@yopmail.com,Cyb.Yate@gmail.com,developer
555,Evita,Levey,Evita.Levey@yopmail.com,Evita.Levey@gmail.com,developer
556,Renie,Swanhildas,Renie.Swanhildas@yopmail.com,Renie.Swanhildas@gmail.com,firefighter
557,Netty,Manolo,Netty.Manolo@yopmail.com,Netty.Manolo@gmail.com,doctor
558,Fidelia,Zrike,Fidelia.Zrike@yopmail.com,Fidelia.Zrike@gmail.com,developer
559,Lolita,Hartnett,Lolita.Hartnett@yopmail.com,Lolita.Hartnett@gmail.com,police officer
560,Ardeen,Gibbeon,Ardeen.Gibbeon@yopmail.com,Ardeen.Gibbeon@gmail.com,developer
561,Tabbatha,Karylin,Tabbatha.Karylin@yopmail.com,Tabbatha.Karylin@gmail.com,police officer
562,Larine,Alabaster,Larine.Alabaster@yopmail.com,Larine.Alabaster@gmail.com,firefighter
563,Mireielle,LaRue,Mireielle.LaRue@yopmail.com,Mireielle.LaRue@gmail.com,doctor
564,Krystle,Lattie,Krystle.Lattie@yopmail.com,Krystle.Lattie@gmail.com,police officer
565,Ayn,Wyn,Ayn.Wyn@yopmail.com,Ayn.Wyn@gmail.com,developer
566,Kellen,Markman,Kellen.Markman@yopmail.com,Kellen.Markman@gmail.com,doctor
567,Lusa,Oriana,Lusa.Oriana@yopmail.com,Lusa.Oriana@gmail.com,worker
568,Addia,Si,Addia.Si@yopmail.com,Addia.Si@gmail.com,developer
569,Coral,Chinua,Coral.Chinua@yopmail.com,Coral.Chinua@gmail.com,police officer
570,Aaren,Sammons,Aaren.Sammons@yopmail.com,Aaren.Sammons@gmail.com,doctor
571,Ilse,Payson,Ilse.Payson@yopmail.com,Ilse.Payson@gmail.com,developer
572,Chere,Tryck,Chere.Tryck@yopmail.com,Chere.Tryck@gmail.com,worker
573,Sheree,Mauer,Sheree.Mauer@yopmail.com,Sheree.Mauer@gmail.com,firefighter
574,Gui,Glovsky,Gui.Glovsky@yopmail.com,Gui.Glovsky@gmail.com,police officer
575,Fredericka,Colleen,Fredericka.Colleen@yopmail.com,Fredericka.Colleen@gmail.com,police officer
576,Dorothy,Frendel,Dorothy.Frendel@yopmail.com,Dorothy.Frendel@gmail.com,doctor
577,Oona,Orlene,Oona.Orlene@yopmail.com,Oona.Orlene@gmail.com,firefighter
578,Eugine,Lenny,Eugine.Lenny@yopmail.com,Eugine.Lenny@gmail.com,firefighter
579,Kassey,Linskey,Kassey.Linskey@yopmail.com,Kassey.Linskey@gmail.com,firefighter
580,Paule,Stacy,Paule.Stacy@yopmail.com,Paule.Stacy@gmail.com,police officer
581,Lynnea,Myrilla,Lynnea.Myrilla@yopmail.com,Lynnea.Myrilla@gmail.com,developer
582,Carol-Jean,Schalles,Carol-Jean.Schalles@yopmail.com,Carol-Jean.Schalles@gmail.com,doctor
583,Dennie,Wallis,Dennie.Wallis@yopmail.com,Dennie.Wallis@gmail.com,firefighter
584,Damaris,Joachim,Damaris.Joachim@yopmail.com,Damaris.Joachim@gmail.com,police officer
585,Corene,Goldina,Corene.Goldina@yopmail.com,Corene.Goldina@gmail.com,developer
586,Katuscha,Septima,Katuscha.Septima@yopmail.com,Katuscha.Septima@gmail.com,doctor
587,Amii,Gunn,Amii.Gunn@yopmail.com,Amii.Gunn@gmail.com,worker
588,Alyssa,Vary,Alyssa.Vary@yopmail.com,Alyssa.Vary@gmail.com,police officer
589,Pamella,Mandler,Pamella.Mandler@yopmail.com,Pamella.Mandler@gmail.com,developer
590,Delilah,Edison,Delilah.Edison@yopmail.com,Delilah.Edison@gmail.com,worker
591,Aimil,Estella,Aimil.Estella@yopmail.com,Aimil.Estella@gmail.com,firefighter
592,Sybille,Concha,Sybille.Concha@yopmail.com,Sybille.Concha@gmail.com,worker
593,Cecile,Justinn,Cecile.Justinn@yopmail.com,Cecile.Justinn@gmail.com,doctor
594,Merrie,Rese,Merrie.Rese@yopmail.com,Merrie.Rese@gmail.com,firefighter
595,Shaylyn,Eliathas,Shaylyn.Eliathas@yopmail.com,Shaylyn.Eliathas@gmail.com,developer
596,Aaren,Trinetta,Aaren.Trinetta@yopmail.com,Aaren.Trinetta@gmail.com,police officer
597,Kenna,Stanwood,Kenna.Stanwood@yopmail.com,Kenna.Stanwood@gmail.com,worker
598,Lauryn,Shaver,Lauryn.Shaver@yopmail.com,Lauryn.Shaver@gmail.com,police officer
599,Merrie,Buckler,Merrie.Buckler@yopmail.com,Merrie.Buckler@gmail.com,doctor
600,Kerrin,Tice,Kerrin.Tice@yopmail.com,Kerrin.Tice@gmail.com,developer
601,Dawn,Tarrant,Dawn.Tarrant@yopmail.com,Dawn.Tarrant@gmail.com,developer
602,Fidelia,Cohdwell,Fidelia.Cohdwell@yopmail.com,Fidelia.Cohdwell@gmail.com,police officer
603,Selia,Old,Selia.Old@yopmail.com,Selia.Old@gmail.com,developer
604,Ottilie,Luhe,Ottilie.Luhe@yopmail.com,Ottilie.Luhe@gmail.com,developer
605,Ariela,Durware,Ariela.Durware@yopmail.com,Ariela.Durware@gmail.com,developer
606,Cindelyn,Dimitris,Cindelyn.Dimitris@yopmail.com,Cindelyn.Dimitris@gmail.com,developer
607,Mureil,Vivle,Mureil.Vivle@yopmail.com,Mureil.Vivle@gmail.com,worker
608,Maud,Suk,Maud.Suk@yopmail.com,Maud.Suk@gmail.com,doctor
609,Brena,Zuzana,Brena.Zuzana@yopmail.com,Brena.Zuzana@gmail.com,firefighter
610,Kristan,Clara,Kristan.Clara@yopmail.com,Kristan.Clara@gmail.com,police officer
611,Tracey,Ezar,Tracey.Ezar@yopmail.com,Tracey.Ezar@gmail.com,police officer
612,Renie,Jenness,Renie.Jenness@yopmail.com,Renie.Jenness@gmail.com,worker
613,Trixi,Alfons,Trixi.Alfons@yopmail.com,Trixi.Alfons@gmail.com,police officer
614,Olivette,Kendrick,Olivette.Kendrick@yopmail.com,Olivette.Kendrick@gmail.com,worker
615,Jennica,Cecile,Jennica.Cecile@yopmail.com,Jennica.Cecile@gmail.com,doctor
616,Neila,Marijo,Neila.Marijo@yopmail.com,Neila.Marijo@gmail.com,developer
617,Joleen,Ader,Joleen.Ader@yopmail.com,Joleen.Ader@gmail.com,firefighter
618,Felice,Gladstone,Felice.Gladstone@yopmail.com,Felice.Gladstone@gmail.com,worker
619,Josephine,Olin,Josephine.Olin@yopmail.com,Josephine.Olin@gmail.com,developer
620,Margalo,Zaslow,Margalo.Zaslow@yopmail.com,Margalo.Zaslow@gmail.com,firefighter
621,Zia,Ajay,Zia.Ajay@yopmail.com,Zia.Ajay@gmail.com,doctor
622,Angelique,Faro,Angelique.Faro@yopmail.com,Angelique.Faro@gmail.com,firefighter
623,Nikki,Anselmi,Nikki.Anselmi@yopmail.com,Nikki.Anselmi@gmail.com,firefighter
624,Maye,Klemperer,Maye.Klemperer@yopmail.com,Maye.Klemperer@gmail.com,firefighter
625,Ann-Marie,Lail,Ann-Marie.Lail@yopmail.com,Ann-Marie.Lail@gmail.com,doctor
626,Shandie,Montgomery,Shandie.Montgomery@yopmail.com,Shandie.Montgomery@gmail.com,worker
627,Riannon,Fax,Riannon.Fax@yopmail.com,Riannon.Fax@gmail.com,police officer
628,Devina,Heisel,Devina.Heisel@yopmail.com,Devina.Heisel@gmail.com,firefighter
629,Ericka,Cyrie,Ericka.Cyrie@yopmail.com,Ericka.Cyrie@gmail.com,firefighter
630,Jobi,Ulphia,Jobi.Ulphia@yopmail.com,Jobi.Ulphia@gmail.com,firefighter
631,Adelle,Serilda,Adelle.Serilda@yopmail.com,Adelle.Serilda@gmail.com,firefighter
632,Sue,Goth,Sue.Goth@yopmail.com,Sue.Goth@gmail.com,developer
633,Kristan,Winthorpe,Kristan.Winthorpe@yopmail.com,Kristan.Winthorpe@gmail.com,developer
634,Ardeen,Zachary,Ardeen.Zachary@yopmail.com,Ardeen.Zachary@gmail.com,police officer
635,Maye,Shuler,Maye.Shuler@yopmail.com,Maye.Shuler@gmail.com,doctor
636,Luci,Terencio,Luci.Terencio@yopmail.com,Luci.Terencio@gmail.com,developer
637,Emma,Zenas,Emma.Zenas@yopmail.com,Emma.Zenas@gmail.com,developer
638,Chandra,Haldas,Chandra.Haldas@yopmail.com,Chandra.Haldas@gmail.com,developer
639,Gerrie,Vharat,Gerrie.Vharat@yopmail.com,Gerrie.Vharat@gmail.com,worker
640,Annecorinne,Bord,Annecorinne.Bord@yopmail.com,Annecorinne.Bord@gmail.com,police officer
641,Caritta,Henrie,Caritta.Henrie@yopmail.com,Caritta.Henrie@gmail.com,developer
642,Jaclyn,Tayib,Jaclyn.Tayib@yopmail.com,Jaclyn.Tayib@gmail.com,doctor
643,Susan,Narton,Susan.Narton@yopmail.com,Susan.Narton@gmail.com,worker
644,Jacenta,Chick,Jacenta.Chick@yopmail.com,Jacenta.Chick@gmail.com,firefighter
645,Fanchon,Malanie,Fanchon.Malanie@yopmail.com,Fanchon.Malanie@gmail.com,worker
646,Lily,Rebecka,Lily.Rebecka@yopmail.com,Lily.Rebecka@gmail.com,worker
647,Fanny,Delp,Fanny.Delp@yopmail.com,Fanny.Delp@gmail.com,firefighter
648,Jemie,Lanita,Jemie.Lanita@yopmail.com,Jemie.Lanita@gmail.com,police officer
649,Regina,Kare,Regina.Kare@yopmail.com,Regina.Kare@gmail.com,developer
650,Rosene,Guildroy,Rosene.Guildroy@yopmail.com,Rosene.Guildroy@gmail.com,doctor
651,Meriel,Gilbertson,Meriel.Gilbertson@yopmail.com,Meriel.Gilbertson@gmail.com,doctor
652,Candi,Bertold,Candi.Bertold@yopmail.com,Candi.Bertold@gmail.com,worker
653,Lory,Lea,Lory.Lea@yopmail.com,Lory.Lea@gmail.com,doctor
654,Janenna,Thar,Janenna.Thar@yopmail.com,Janenna.Thar@gmail.com,worker
655,Kaja,Philipp,Kaja.Philipp@yopmail.com,Kaja.Philipp@gmail.com,developer
656,Tomasina,Marden,Tomasina.Marden@yopmail.com,Tomasina.Marden@gmail.com,worker
657,Sue,Helfand,Sue.Helfand@yopmail.com,Sue.Helfand@gmail.com,worker
658,Rosabelle,Sigfrid,Rosabelle.Sigfrid@yopmail.com,Rosabelle.Sigfrid@gmail.com,firefighter
659,Queenie,Atonsah,Queenie.Atonsah@yopmail.com,Queenie.Atonsah@gmail.com,police officer
660,Corry,Zenas,Corry.Zenas@yopmail.com,Corry.Zenas@gmail.com,firefighter
661,Antonietta,Ioab,Antonietta.Ioab@yopmail.com,Antonietta.Ioab@gmail.com,doctor
662,Maridel,Roumell,Maridel.Roumell@yopmail.com,Maridel.Roumell@gmail.com,worker
663,Kristina,Sothena,Kristina.Sothena@yopmail.com,Kristina.Sothena@gmail.com,worker
664,Petronia,Doig,Petronia.Doig@yopmail.com,Petronia.Doig@gmail.com,doctor
665,Wilma,Telfer,Wilma.Telfer@yopmail.com,Wilma.Telfer@gmail.com,worker
666,Mallory,Therine,Mallory.Therine@yopmail.com,Mallory.Therine@gmail.com,developer
667,Lucille,Bohlin,Lucille.Bohlin@yopmail.com,Lucille.Bohlin@gmail.com,developer
668,Vevay,Garlinda,Vevay.Garlinda@yopmail.com,Vevay.Garlinda@gmail.com,doctor
669,Marcy,Ochs,Marcy.Ochs@yopmail.com,Marcy.Ochs@gmail.com,worker
670,Sidoney,Codding,Sidoney.Codding@yopmail.com,Sidoney.Codding@gmail.com,developer
671,Madelle,Pond,Madelle.Pond@yopmail.com,Madelle.Pond@gmail.com,doctor
672,Ardeen,Linehan,Ardeen.Linehan@yopmail.com,Ardeen.Linehan@gmail.com,police officer
673,Brianna,Rozanna,Brianna.Rozanna@yopmail.com,Brianna.Rozanna@gmail.com,worker
674,Wileen,Silvan,Wileen.Silvan@yopmail.com,Wileen.Silvan@gmail.com,police officer
675,Ketti,Kiersten,Ketti.Kiersten@yopmail.com,Ketti.Kiersten@gmail.com,developer
676,Lolita,Bobbee,Lolita.Bobbee@yopmail.com,Lolita.Bobbee@gmail.com,doctor
677,Althea,Maroney,Althea.Maroney@yopmail.com,Althea.Maroney@gmail.com,police officer
678,Codie,Lynn,Codie.Lynn@yopmail.com,Codie.Lynn@gmail.com,police officer
679,Heida,Behre,Heida.Behre@yopmail.com,Heida.Behre@gmail.com,firefighter
680,Addia,Gemini,Addia.Gemini@yopmail.com,Addia.Gemini@gmail.com,police officer
681,Dulcinea,Llovera,Dulcinea.Llovera@yopmail.com,Dulcinea.Llovera@gmail.com,developer
682,Allis,Brady,Allis.Brady@yopmail.com,Allis.Brady@gmail.com,police officer
683,Daune,Grosz,Daune.Grosz@yopmail.com,Daune.Grosz@gmail.com,police officer
684,Marsiella,Vivle,Marsiella.Vivle@yopmail.com,Marsiella.Vivle@gmail.com,worker
685,Bernie,Weitman,Bernie.Weitman@yopmail.com,Bernie.Weitman@gmail.com,worker
686,Emelina,Keily,Emelina.Keily@yopmail.com,Emelina.Keily@gmail.com,doctor
687,Melanie,Frodi,Melanie.Frodi@yopmail.com,Melanie.Frodi@gmail.com,firefighter
688,Fredericka,Rugen,Fredericka.Rugen@yopmail.com,Fredericka.Rugen@gmail.com,police officer
689,Nariko,Merriott,Nariko.Merriott@yopmail.com,Nariko.Merriott@gmail.com,worker
690,Etta,Larochelle,Etta.Larochelle@yopmail.com,Etta.Larochelle@gmail.com,developer
691,Ardeen,Marijo,Ardeen.Marijo@yopmail.com,Ardeen.Marijo@gmail.com,worker
692,Helsa,Bebe,Helsa.Bebe@yopmail.com,Helsa.Bebe@gmail.com,firefighter
693,Aaren,Naashom,Aaren.Naashom@yopmail.com,Aaren.Naashom@gmail.com,firefighter
694,Darlleen,Kimmie,Darlleen.Kimmie@yopmail.com,Darlleen.Kimmie@gmail.com,doctor
695,Allis,Freddi,Allis.Freddi@yopmail.com,Allis.Freddi@gmail.com,worker
696,Andeee,Bollay,Andeee.Bollay@yopmail.com,Andeee.Bollay@gmail.com,police officer
697,Sheree,Heisel,Sheree.Heisel@yopmail.com,Sheree.Heisel@gmail.com,firefighter
698,Grier,Persse,Grier.Persse@yopmail.com,Grier.Persse@gmail.com,firefighter
699,Leia,Ietta,Leia.Ietta@yopmail.com,Leia.Ietta@gmail.com,firefighter
700,Silvana,Jena,Silvana.Jena@yopmail.com,Silvana.Jena@gmail.com,developer
701,Hettie,Abram,Hettie.Abram@yopmail.com,Hettie.Abram@gmail.com,doctor
702,Ardenia,Corrine,Ardenia.Corrine@yopmail.com,Ardenia.Corrine@gmail.com,developer
703,Elfreda,Suzetta,Elfreda.Suzetta@yopmail.com,Elfreda.Suzetta@gmail.com,doctor
704,Oralee,Cornelia,Oralee.Cornelia@yopmail.com,Oralee.Cornelia@gmail.com,developer
705,Lesly,Charmine,Lesly.Charmine@yopmail.com,Lesly.Charmine@gmail.com,doctor
706,Gabi,Greyson,Gabi.Greyson@yopmail.com,Gabi.Greyson@gmail.com,doctor
707,Drucie,Gino,Drucie.Gino@yopmail.com,Drucie.Gino@gmail.com,developer
708,Pierette,Voletta,Pierette.Voletta@yopmail.com,Pierette.Voletta@gmail.com,police officer
709,Heida,Kenwood,Heida.Kenwood@yopmail.com,Heida.Kenwood@gmail.com,firefighter
710,Deirdre,Ricki,Deirdre.Ricki@yopmail.com,Deirdre.Ricki@gmail.com,police officer
711,Dorothy,Ummersen,Dorothy.Ummersen@yopmail.com,Dorothy.Ummersen@gmail.com,firefighter
712,Calla,Allare,Calla.Allare@yopmail.com,Calla.Allare@gmail.com,firefighter
713,Farrah,Gualtiero,Farrah.Gualtiero@yopmail.com,Farrah.Gualtiero@gmail.com,developer
714,Margalo,Ammann,Margalo.Ammann@yopmail.com,Margalo.Ammann@gmail.com,police officer
715,Ulrike,Rooney,Ulrike.Rooney@yopmail.com,Ulrike.Rooney@gmail.com,doctor
716,Bettine,Longfellow,Bettine.Longfellow@yopmail.com,Bettine.Longfellow@gmail.com,firefighter
717,Dawn,Khorma,Dawn.Khorma@yopmail.com,Dawn.Khorma@gmail.com,police officer
718,Natka,Llovera,Natka.Llovera@yopmail.com,Natka.Llovera@gmail.com,firefighter
719,Bibby,Cookie,Bibby.Cookie@yopmail.com,Bibby.Cookie@gmail.com,worker
720,Sashenka,Rodmann,Sashenka.Rodmann@yopmail.com,Sashenka.Rodmann@gmail.com,firefighter
721,Dulcinea,Aldric,Dulcinea.Aldric@yopmail.com,Dulcinea.Aldric@gmail.com,developer
722,Marti,Kelula,Marti.Kelula@yopmail.com,Marti.Kelula@gmail.com,police officer
723,Florie,Klemperer,Florie.Klemperer@yopmail.com,Florie.Klemperer@gmail.com,firefighter
724,Inga,Ethban,Inga.Ethban@yopmail.com,Inga.Ethban@gmail.com,police officer
725,Patricia,Woodberry,Patricia.Woodberry@yopmail.com,Patricia.Woodberry@gmail.com,worker
726,Mathilda,Liebermann,Mathilda.Liebermann@yopmail.com,Mathilda.Liebermann@gmail.com,police officer
727,Vanessa,Carmena,Vanessa.Carmena@yopmail.com,Vanessa.Carmena@gmail.com,police officer
728,Misha,Erlandson,Misha.Erlandson@yopmail.com,Misha.Erlandson@gmail.com,developer
729,Zsa Zsa,Anselmi,Zsa Zsa.Anselmi@yopmail.com,Zsa Zsa.Anselmi@gmail.com,firefighter
730,Rayna,Howlyn,Rayna.Howlyn@yopmail.com,Rayna.Howlyn@gmail.com,doctor
731,Hannis,Diogenes,Hannis.Diogenes@yopmail.com,Hannis.Diogenes@gmail.com,firefighter
732,Melisent,Florina,Melisent.Florina@yopmail.com,Melisent.Florina@gmail.com,doctor
733,Alisha,Gregrory,Alisha.Gregrory@yopmail.com,Alisha.Gregrory@gmail.com,developer
734,Lonnie,Uund,Lonnie.Uund@yopmail.com,Lonnie.Uund@gmail.com,police officer
735,Romona,Moina,Romona.Moina@yopmail.com,Romona.Moina@gmail.com,developer
736,Dacia,Fredi,Dacia.Fredi@yopmail.com,Dacia.Fredi@gmail.com,developer
737,Elora,Oster,Elora.Oster@yopmail.com,Elora.Oster@gmail.com,developer
738,Tressa,Madelene,Tressa.Madelene@yopmail.com,Tressa.Madelene@gmail.com,doctor
739,Camile,Pearse,Camile.Pearse@yopmail.com,Camile.Pearse@gmail.com,developer
740,Shandie,Poppy,Shandie.Poppy@yopmail.com,Shandie.Poppy@gmail.com,worker
741,Fernande,Loleta,Fernande.Loleta@yopmail.com,Fernande.Loleta@gmail.com,worker
742,Andree,Blisse,Andree.Blisse@yopmail.com,Andree.Blisse@gmail.com,doctor
743,Arlena,Iphlgenia,Arlena.Iphlgenia@yopmail.com,Arlena.Iphlgenia@gmail.com,developer
744,Sonni,Kristi,Sonni.Kristi@yopmail.com,Sonni.Kristi@gmail.com,doctor
745,Bobbi,Old,Bobbi.Old@yopmail.com,Bobbi.Old@gmail.com,firefighter
746,Camile,Wolfgram,Camile.Wolfgram@yopmail.com,Camile.Wolfgram@gmail.com,worker
747,Jolyn,Publia,Jolyn.Publia@yopmail.com,Jolyn.Publia@gmail.com,police officer
748,Heddie,Paton,Heddie.Paton@yopmail.com,Heddie.Paton@gmail.com,firefighter
749,Kittie,Niles,Kittie.Niles@yopmail.com,Kittie.Niles@gmail.com,developer
750,Gaylene,Ochs,Gaylene.Ochs@yopmail.com,Gaylene.Ochs@gmail.com,police officer
751,Joelly,Emmaline,Joelly.Emmaline@yopmail.com,Joelly.Emmaline@gmail.com,developer
752,Ivett,Maroney,Ivett.Maroney@yopmail.com,Ivett.Maroney@gmail.com,firefighter
753,Violet,Ammann,Violet.Ammann@yopmail.com,Violet.Ammann@gmail.com,police officer
754,Dawn,Joseph,Dawn.Joseph@yopmail.com,Dawn.Joseph@gmail.com,doctor
755,Nonnah,Freddi,Nonnah.Freddi@yopmail.com,Nonnah.Freddi@gmail.com,developer
756,Olwen,Ummersen,Olwen.Ummersen@yopmail.com,Olwen.Ummersen@gmail.com,police officer
757,Jenda,Giff,Jenda.Giff@yopmail.com,Jenda.Giff@gmail.com,developer
758,Aurelie,Jorgan,Aurelie.Jorgan@yopmail.com,Aurelie.Jorgan@gmail.com,doctor
759,Angela,Norvol,Angela.Norvol@yopmail.com,Angela.Norvol@gmail.com,police officer
760,Emma,Jammal,Emma.Jammal@yopmail.com,Emma.Jammal@gmail.com,doctor
761,Morganica,Montgomery,Morganica.Montgomery@yopmail.com,Morganica.Montgomery@gmail.com,developer
762,Alejandra,Ellerey,Alejandra.Ellerey@yopmail.com,Alejandra.Ellerey@gmail.com,worker
763,Malina,Dituri,Malina.Dituri@yopmail.com,Malina.Dituri@gmail.com,police officer
764,Zsa Zsa,Regan,Zsa Zsa.Regan@yopmail.com,Zsa Zsa.Regan@gmail.com,doctor
765,Thalia,Ietta,Thalia.Ietta@yopmail.com,Thalia.Ietta@gmail.com,firefighter
766,Merle,Ranjiv,Merle.Ranjiv@yopmail.com,Merle.Ranjiv@gmail.com,firefighter
767,Candi,Hailee,Candi.Hailee@yopmail.com,Candi.Hailee@gmail.com,developer
768,Edith,Greenwald,Edith.Greenwald@yopmail.com,Edith.Greenwald@gmail.com,firefighter
769,Amara,Charmine,Amara.Charmine@yopmail.com,Amara.Charmine@gmail.com,developer
770,Nelle,Tomasina,Nelle.Tomasina@yopmail.com,Nelle.Tomasina@gmail.com,doctor
771,Myrtice,Noam,Myrtice.Noam@yopmail.com,Myrtice.Noam@gmail.com,firefighter
772,Chloris,Anselmi,Chloris.Anselmi@yopmail.com,Chloris.Anselmi@gmail.com,worker
773,Corry,Chaing,Corry.Chaing@yopmail.com,Corry.Chaing@gmail.com,firefighter
774,Georgetta,Earlie,Georgetta.Earlie@yopmail.com,Georgetta.Earlie@gmail.com,developer
775,Morganica,Sherfield,Morganica.Sherfield@yopmail.com,Morganica.Sherfield@gmail.com,worker
776,Evaleen,Khorma,Evaleen.Khorma@yopmail.com,Evaleen.Khorma@gmail.com,doctor
777,Lorne,Lipson,Lorne.Lipson@yopmail.com,Lorne.Lipson@gmail.com,police officer
778,Arlina,Zetta,Arlina.Zetta@yopmail.com,Arlina.Zetta@gmail.com,doctor
779,Jennica,Stilwell,Jennica.Stilwell@yopmail.com,Jennica.Stilwell@gmail.com,firefighter
780,Arabel,Buttaro,Arabel.Buttaro@yopmail.com,Arabel.Buttaro@gmail.com,doctor
781,Hyacinthe,Eugenia,Hyacinthe.Eugenia@yopmail.com,Hyacinthe.Eugenia@gmail.com,firefighter
782,Gerianna,Chandler,Gerianna.Chandler@yopmail.com,Gerianna.Chandler@gmail.com,police officer
783,Allyce,Valerio,Allyce.Valerio@yopmail.com,Allyce.Valerio@gmail.com,firefighter
784,Ulrike,Kravits,Ulrike.Kravits@yopmail.com,Ulrike.Kravits@gmail.com,developer
785,Alexine,Taima,Alexine.Taima@yopmail.com,Alexine.Taima@gmail.com,police officer
786,Nannie,Anyah,Nannie.Anyah@yopmail.com,Nannie.Anyah@gmail.com,police officer
787,Stevana,Dalli,Stevana.Dalli@yopmail.com,Stevana.Dalli@gmail.com,developer
788,Harmonia,Lail,Harmonia.Lail@yopmail.com,Harmonia.Lail@gmail.com,worker
789,Roberta,Schwejda,Roberta.Schwejda@yopmail.com,Roberta.Schwejda@gmail.com,firefighter
790,Esmeralda,Hoenack,Esmeralda.Hoenack@yopmail.com,Esmeralda.Hoenack@gmail.com,developer
791,Judy,Stav,Judy.Stav@yopmail.com,Judy.Stav@gmail.com,worker
792,Kirbee,Tacye,Kirbee.Tacye@yopmail.com,Kirbee.Tacye@gmail.com,doctor
793,Audrie,Susannah,Audrie.Susannah@yopmail.com,Audrie.Susannah@gmail.com,developer
794,Jerry,Ahab,Jerry.Ahab@yopmail.com,Jerry.Ahab@gmail.com,worker
795,Chastity,Plato,Chastity.Plato@yopmail.com,Chastity.Plato@gmail.com,developer
796,Bernardine,Saree,Bernardine.Saree@yopmail.com,Bernardine.Saree@gmail.com,doctor
797,Jacquetta,Karylin,Jacquetta.Karylin@yopmail.com,Jacquetta.Karylin@gmail.com,developer
798,Kamilah,Mauer,Kamilah.Mauer@yopmail.com,Kamilah.Mauer@gmail.com,developer
799,Heida,Abernon,Heida.Abernon@yopmail.com,Heida.Abernon@gmail.com,worker
800,Andree,Sekofski,Andree.Sekofski@yopmail.com,Andree.Sekofski@gmail.com,firefighter
801,Glynnis,Pacorro,Glynnis.Pacorro@yopmail.com,Glynnis.Pacorro@gmail.com,police officer
802,Selia,Tengdin,Selia.Tengdin@yopmail.com,Selia.Tengdin@gmail.com,firefighter
803,Heida,Lunsford,Heida.Lunsford@yopmail.com,Heida.Lunsford@gmail.com,police officer
804,Cristine,Dudley,Cristine.Dudley@yopmail.com,Cristine.Dudley@gmail.com,developer
805,Jemie,Louanna,Jemie.Louanna@yopmail.com,Jemie.Louanna@gmail.com,developer
806,Deirdre,Dituri,Deirdre.Dituri@yopmail.com,Deirdre.Dituri@gmail.com,firefighter
807,Tobe,Bashemeth,Tobe.Bashemeth@yopmail.com,Tobe.Bashemeth@gmail.com,developer
808,Lilith,Delacourt,Lilith.Delacourt@yopmail.com,Lilith.Delacourt@gmail.com,firefighter
809,Anallese,Dom,Anallese.Dom@yopmail.com,Anallese.Dom@gmail.com,developer
810,Brena,Susannah,Brena.Susannah@yopmail.com,Brena.Susannah@gmail.com,developer
811,Maisey,Kamaria,Maisey.Kamaria@yopmail.com,Maisey.Kamaria@gmail.com,firefighter
812,Mireielle,Zamora,Mireielle.Zamora@yopmail.com,Mireielle.Zamora@gmail.com,doctor
813,Ana,Miru,Ana.Miru@yopmail.com,Ana.Miru@gmail.com,worker
814,Dulcinea,Rooney,Dulcinea.Rooney@yopmail.com,Dulcinea.Rooney@gmail.com,developer
815,Beatriz,Blisse,Beatriz.Blisse@yopmail.com,Beatriz.Blisse@gmail.com,police officer
816,Belva,Ogren,Belva.Ogren@yopmail.com,Belva.Ogren@gmail.com,police officer
817,Camile,Hortensia,Camile.Hortensia@yopmail.com,Camile.Hortensia@gmail.com,developer
818,Edith,Remmer,Edith.Remmer@yopmail.com,Edith.Remmer@gmail.com,firefighter
819,Judy,Nelsen,Judy.Nelsen@yopmail.com,Judy.Nelsen@gmail.com,police officer
820,Alyda,Loleta,Alyda.Loleta@yopmail.com,Alyda.Loleta@gmail.com,developer
821,Jenda,Delp,Jenda.Delp@yopmail.com,Jenda.Delp@gmail.com,doctor
822,Ninnetta,Grimbly,Ninnetta.Grimbly@yopmail.com,Ninnetta.Grimbly@gmail.com,firefighter
823,Tani,Alfons,Tani.Alfons@yopmail.com,Tani.Alfons@gmail.com,firefighter
824,Rozele,Tatianas,Rozele.Tatianas@yopmail.com,Rozele.Tatianas@gmail.com,firefighter
825,Sonni,Beniamino,Sonni.Beniamino@yopmail.com,Sonni.Beniamino@gmail.com,police officer
826,Maryellen,Gahl,Maryellen.Gahl@yopmail.com,Maryellen.Gahl@gmail.com,worker
827,Donnie,Abernon,Donnie.Abernon@yopmail.com,Donnie.Abernon@gmail.com,firefighter
828,Lulita,Alejoa,Lulita.Alejoa@yopmail.com,Lulita.Alejoa@gmail.com,firefighter
829,Briney,Toor,Briney.Toor@yopmail.com,Briney.Toor@gmail.com,worker
830,Damaris,Roxanna,Damaris.Roxanna@yopmail.com,Damaris.Roxanna@gmail.com,worker
831,Corina,Boehike,Corina.Boehike@yopmail.com,Corina.Boehike@gmail.com,developer
832,Chloris,Bashemeth,Chloris.Bashemeth@yopmail.com,Chloris.Bashemeth@gmail.com,developer
833,Leanna,Gaal,Leanna.Gaal@yopmail.com,Leanna.Gaal@gmail.com,worker
834,Dawn,Gaulin,Dawn.Gaulin@yopmail.com,Dawn.Gaulin@gmail.com,firefighter
835,Arlena,Amasa,Arlena.Amasa@yopmail.com,Arlena.Amasa@gmail.com,developer
836,Gavrielle,Firmin,Gavrielle.Firmin@yopmail.com,Gavrielle.Firmin@gmail.com,developer
837,Emmey,Tound,Emmey.Tound@yopmail.com,Emmey.Tound@gmail.com,firefighter
838,Calla,Trey,Calla.Trey@yopmail.com,Calla.Trey@gmail.com,police officer
839,Sissy,Chick,Sissy.Chick@yopmail.com,Sissy.Chick@gmail.com,developer
840,Livvyy,Hurley,Livvyy.Hurley@yopmail.com,Livvyy.Hurley@gmail.com,police officer
841,Fredericka,Emanuel,Fredericka.Emanuel@yopmail.com,Fredericka.Emanuel@gmail.com,police officer
842,Morganica,Lubin,Morganica.Lubin@yopmail.com,Morganica.Lubin@gmail.com,worker
843,Aurore,Kermit,Aurore.Kermit@yopmail.com,Aurore.Kermit@gmail.com,doctor
844,Jenda,Meter,Jenda.Meter@yopmail.com,Jenda.Meter@gmail.com,worker
845,Quintina,Dulciana,Quintina.Dulciana@yopmail.com,Quintina.Dulciana@gmail.com,firefighter
846,Doro,Mich,Doro.Mich@yopmail.com,Doro.Mich@gmail.com,worker
847,Kathy,Faria,Kathy.Faria@yopmail.com,Kathy.Faria@gmail.com,doctor
848,Darlleen,Pernick,Darlleen.Pernick@yopmail.com,Darlleen.Pernick@gmail.com,police officer
849,Allyce,Wyn,Allyce.Wyn@yopmail.com,Allyce.Wyn@gmail.com,worker
850,Evaleen,Bach,Evaleen.Bach@yopmail.com,Evaleen.Bach@gmail.com,police officer
851,Consuela,Lissi,Consuela.Lissi@yopmail.com,Consuela.Lissi@gmail.com,police officer
852,Sadie,Scammon,Sadie.Scammon@yopmail.com,Sadie.Scammon@gmail.com,doctor
853,Belva,Lacombe,Belva.Lacombe@yopmail.com,Belva.Lacombe@gmail.com,police officer
854,Molli,Goddard,Molli.Goddard@yopmail.com,Molli.Goddard@gmail.com,firefighter
855,Ileana,Dorothy,Ileana.Dorothy@yopmail.com,Ileana.Dorothy@gmail.com,firefighter
856,Cam,Whiffen,Cam.Whiffen@yopmail.com,Cam.Whiffen@gmail.com,doctor
857,Lexine,Berl,Lexine.Berl@yopmail.com,Lexine.Berl@gmail.com,developer
858,Asia,Klemperer,Asia.Klemperer@yopmail.com,Asia.Klemperer@gmail.com,developer
859,Bill,Goddard,Bill.Goddard@yopmail.com,Bill.Goddard@gmail.com,police officer
860,Bernie,Creamer,Bernie.Creamer@yopmail.com,Bernie.Creamer@gmail.com,worker
861,Joleen,Deny,Joleen.Deny@yopmail.com,Joleen.Deny@gmail.com,developer
862,Edyth,Lunsford,Edyth.Lunsford@yopmail.com,Edyth.Lunsford@gmail.com,firefighter
863,Katuscha,Alva,Katuscha.Alva@yopmail.com,Katuscha.Alva@gmail.com,doctor
864,Rivalee,Gusella,Rivalee.Gusella@yopmail.com,Rivalee.Gusella@gmail.com,developer
865,Florie,Gunn,Florie.Gunn@yopmail.com,Florie.Gunn@gmail.com,developer
866,Zia,Thema,Zia.Thema@yopmail.com,Zia.Thema@gmail.com,doctor
867,Judy,Tufts,Judy.Tufts@yopmail.com,Judy.Tufts@gmail.com,developer
868,Ayn,Durware,Ayn.Durware@yopmail.com,Ayn.Durware@gmail.com,worker
869,Nariko,Celestine,Nariko.Celestine@yopmail.com,Nariko.Celestine@gmail.com,developer
870,Kelly,Dunkin,Kelly.Dunkin@yopmail.com,Kelly.Dunkin@gmail.com,police officer
871,Ardenia,Hathaway,Ardenia.Hathaway@yopmail.com,Ardenia.Hathaway@gmail.com,worker
872,Adriana,Ludewig,Adriana.Ludewig@yopmail.com,Adriana.Ludewig@gmail.com,doctor
873,Agathe,Garbe,Agathe.Garbe@yopmail.com,Agathe.Garbe@gmail.com,police officer
874,Madalyn,Tound,Madalyn.Tound@yopmail.com,Madalyn.Tound@gmail.com,police officer
875,Darci,Fontana,Darci.Fontana@yopmail.com,Darci.Fontana@gmail.com,developer
876,Antonietta,Lytton,Antonietta.Lytton@yopmail.com,Antonietta.Lytton@gmail.com,firefighter
877,Kittie,Martsen,Kittie.Martsen@yopmail.com,Kittie.Martsen@gmail.com,developer
878,Brana,Lynn,Brana.Lynn@yopmail.com,Brana.Lynn@gmail.com,worker
879,Fawne,Kress,Fawne.Kress@yopmail.com,Fawne.Kress@gmail.com,worker
880,Maurene,Kazimir,Maurene.Kazimir@yopmail.com,Maurene.Kazimir@gmail.com,doctor
881,Hettie,Frendel,Hettie.Frendel@yopmail.com,Hettie.Frendel@gmail.com,developer
882,Daphne,Belanger,Daphne.Belanger@yopmail.com,Daphne.Belanger@gmail.com,police officer
883,Helsa,Orpah,Helsa.Orpah@yopmail.com,Helsa.Orpah@gmail.com,firefighter
884,Modestia,Brunell,Modestia.Brunell@yopmail.com,Modestia.Brunell@gmail.com,firefighter
885,Genovera,Tryck,Genovera.Tryck@yopmail.com,Genovera.Tryck@gmail.com,developer
886,Shandie,Saree,Shandie.Saree@yopmail.com,Shandie.Saree@gmail.com,doctor
887,Kirstin,Schenck,Kirstin.Schenck@yopmail.com,Kirstin.Schenck@gmail.com,doctor
888,Kellen,Adalbert,Kellen.Adalbert@yopmail.com,Kellen.Adalbert@gmail.com,worker
889,Magdalena,Jethro,Magdalena.Jethro@yopmail.com,Magdalena.Jethro@gmail.com,doctor
890,Fanny,Behre,Fanny.Behre@yopmail.com,Fanny.Behre@gmail.com,worker
891,Cassandra,Giff,Cassandra.Giff@yopmail.com,Cassandra.Giff@gmail.com,police officer
892,Sybille,Raffo,Sybille.Raffo@yopmail.com,Sybille.Raffo@gmail.com,developer
893,Malina,Rustice,Malina.Rustice@yopmail.com,Malina.Rustice@gmail.com,firefighter
894,Ekaterina,Cullin,Ekaterina.Cullin@yopmail.com,Ekaterina.Cullin@gmail.com,developer
895,Dania,Constancy,Dania.Constancy@yopmail.com,Dania.Constancy@gmail.com,worker
896,Mariele,Orpah,Mariele.Orpah@yopmail.com,Mariele.Orpah@gmail.com,doctor
897,Malina,Latini,Malina.Latini@yopmail.com,Malina.Latini@gmail.com,police officer
898,Eadie,Montgomery,Eadie.Montgomery@yopmail.com,Eadie.Montgomery@gmail.com,firefighter
899,Stevana,Schroth,Stevana.Schroth@yopmail.com,Stevana.Schroth@gmail.com,firefighter
900,Lorne,Blisse,Lorne.Blisse@yopmail.com,Lorne.Blisse@gmail.com,worker
901,Jasmina,Secrest,Jasmina.Secrest@yopmail.com,Jasmina.Secrest@gmail.com,police officer
902,Laurene,O'Carroll,Laurene.O'Carroll@yopmail.com,Laurene.O'Carroll@gmail.com,developer
903,Gretal,Raychel,Gretal.Raychel@yopmail.com,Gretal.Raychel@gmail.com,firefighter
904,Leona,Gemini,Leona.Gemini@yopmail.com,Leona.Gemini@gmail.com,police officer
905,Ruthe,Thornburg,Ruthe.Thornburg@yopmail.com,Ruthe.Thornburg@gmail.com,worker
906,Johna,Louanna,Johna.Louanna@yopmail.com,Johna.Louanna@gmail.com,firefighter
907,Marline,Ashely,Marline.Ashely@yopmail.com,Marline.Ashely@gmail.com,developer
908,Dawn,Toffic,Dawn.Toffic@yopmail.com,Dawn.Toffic@gmail.com,developer
909,Daune,Suzetta,Daune.Suzetta@yopmail.com,Daune.Suzetta@gmail.com,police officer
910,Halette,Firmin,Halette.Firmin@yopmail.com,Halette.Firmin@gmail.com,firefighter
911,Mary,Sallyann,Mary.Sallyann@yopmail.com,Mary.Sallyann@gmail.com,firefighter
912,Nyssa,Gualtiero,Nyssa.Gualtiero@yopmail.com,Nyssa.Gualtiero@gmail.com,developer
913,Nyssa,Bohlin,Nyssa.Bohlin@yopmail.com,Nyssa.Bohlin@gmail.com,doctor
914,Karina,Philoo,Karina.Philoo@yopmail.com,Karina.Philoo@gmail.com,worker
915,Verla,Stav,Verla.Stav@yopmail.com,Verla.Stav@gmail.com,firefighter
916,Jean,Dom,Jean.Dom@yopmail.com,Jean.Dom@gmail.com,worker
917,Ivett,Billye,Ivett.Billye@yopmail.com,Ivett.Billye@gmail.com,worker
918,Sidoney,Gamaliel,Sidoney.Gamaliel@yopmail.com,Sidoney.Gamaliel@gmail.com,firefighter
919,Sindee,Anis,Sindee.Anis@yopmail.com,Sindee.Anis@gmail.com,doctor
920,Tomasina,Even,Tomasina.Even@yopmail.com,Tomasina.Even@gmail.com,worker
921,Priscilla,Duwalt,Priscilla.Duwalt@yopmail.com,Priscilla.Duwalt@gmail.com,developer
922,Dione,Tamar,Dione.Tamar@yopmail.com,Dione.Tamar@gmail.com,police officer
923,Marika,Bettine,Marika.Bettine@yopmail.com,Marika.Bettine@gmail.com,police officer
924,Lorenza,Seessel,Lorenza.Seessel@yopmail.com,Lorenza.Seessel@gmail.com,firefighter
925,Chickie,Alva,Chickie.Alva@yopmail.com,Chickie.Alva@gmail.com,doctor
926,Maurene,Bevin,Maurene.Bevin@yopmail.com,Maurene.Bevin@gmail.com,doctor
927,Dotty,Heisel,Dotty.Heisel@yopmail.com,Dotty.Heisel@gmail.com,developer
928,Steffane,Sharl,Steffane.Sharl@yopmail.com,Steffane.Sharl@gmail.com,firefighter
929,Britni,Noelyn,Britni.Noelyn@yopmail.com,Britni.Noelyn@gmail.com,police officer
930,Collen,Albertine,Collen.Albertine@yopmail.com,Collen.Albertine@gmail.com,firefighter
931,Lenna,Felecia,Lenna.Felecia@yopmail.com,Lenna.Felecia@gmail.com,firefighter
932,Alyssa,Martguerita,Alyssa.Martguerita@yopmail.com,Alyssa.Martguerita@gmail.com,worker
933,Dagmar,Jobi,Dagmar.Jobi@yopmail.com,Dagmar.Jobi@gmail.com,firefighter
934,Lanna,Judye,Lanna.Judye@yopmail.com,Lanna.Judye@gmail.com,worker
935,Lanae,Olin,Lanae.Olin@yopmail.com,Lanae.Olin@gmail.com,firefighter
936,Sashenka,Yuille,Sashenka.Yuille@yopmail.com,Sashenka.Yuille@gmail.com,developer
937,Andeee,Linehan,Andeee.Linehan@yopmail.com,Andeee.Linehan@gmail.com,firefighter
938,Tami,Koziara,Tami.Koziara@yopmail.com,Tami.Koziara@gmail.com,doctor
939,Chloris,Valoniah,Chloris.Valoniah@yopmail.com,Chloris.Valoniah@gmail.com,worker
940,Heida,Eugenia,Heida.Eugenia@yopmail.com,Heida.Eugenia@gmail.com,doctor
941,Sashenka,Corrine,Sashenka.Corrine@yopmail.com,Sashenka.Corrine@gmail.com,police officer
942,Katleen,Richers,Katleen.Richers@yopmail.com,Katleen.Richers@gmail.com,doctor
943,Laure,Joni,Laure.Joni@yopmail.com,Laure.Joni@gmail.com,firefighter
944,Gilligan,Prober,Gilligan.Prober@yopmail.com,Gilligan.Prober@gmail.com,developer
945,Marti,Duwalt,Marti.Duwalt@yopmail.com,Marti.Duwalt@gmail.com,developer
946,Nannie,Ochs,Nannie.Ochs@yopmail.com,Nannie.Ochs@gmail.com,firefighter
947,Dorene,Durante,Dorene.Durante@yopmail.com,Dorene.Durante@gmail.com,worker
948,Konstance,Mintz,Konstance.Mintz@yopmail.com,Konstance.Mintz@gmail.com,doctor
949,Janey,Crudden,Janey.Crudden@yopmail.com,Janey.Crudden@gmail.com,developer
950,Shell,Annabella,Shell.Annabella@yopmail.com,Shell.Annabella@gmail.com,doctor
951,Hallie,Parsaye,Hallie.Parsaye@yopmail.com,Hallie.Parsaye@gmail.com,firefighter
952,Lesly,Stefa,Lesly.Stefa@yopmail.com,Lesly.Stefa@gmail.com,doctor
953,Annaliese,Shama,Annaliese.Shama@yopmail.com,Annaliese.Shama@gmail.com,police officer
954,Madalyn,Pattin,Madalyn.Pattin@yopmail.com,Madalyn.Pattin@gmail.com,worker
955,Angela,Valerio,Angela.Valerio@yopmail.com,Angela.Valerio@gmail.com,worker
956,Catharine,Sinegold,Catharine.Sinegold@yopmail.com,Catharine.Sinegold@gmail.com,doctor
957,Lucy,Bevin,Lucy.Bevin@yopmail.com,Lucy.Bevin@gmail.com,firefighter
958,Agathe,Tiffa,Agathe.Tiffa@yopmail.com,Agathe.Tiffa@gmail.com,developer
959,Letizia,Gino,Letizia.Gino@yopmail.com,Letizia.Gino@gmail.com,doctor
960,Estell,Trey,Estell.Trey@yopmail.com,Estell.Trey@gmail.com,worker
961,Blinni,Llovera,Blinni.Llovera@yopmail.com,Blinni.Llovera@gmail.com,firefighter
962,Debee,Erminia,Debee.Erminia@yopmail.com,Debee.Erminia@gmail.com,developer
963,Konstance,Weide,Konstance.Weide@yopmail.com,Konstance.Weide@gmail.com,doctor
964,Lulita,Stoller,Lulita.Stoller@yopmail.com,Lulita.Stoller@gmail.com,developer
965,Roz,Gherardo,Roz.Gherardo@yopmail.com,Roz.Gherardo@gmail.com,worker
966,Tomasina,Dearborn,Tomasina.Dearborn@yopmail.com,Tomasina.Dearborn@gmail.com,police officer
967,Clarice,Buckler,Clarice.Buckler@yopmail.com,Clarice.Buckler@gmail.com,doctor
968,Frieda,Hurley,Frieda.Hurley@yopmail.com,Frieda.Hurley@gmail.com,developer
969,Therine,Faro,Therine.Faro@yopmail.com,Therine.Faro@gmail.com,doctor
970,Merci,Gavrila,Merci.Gavrila@yopmail.com,Merci.Gavrila@gmail.com,worker
971,Tilly,Cherianne,Tilly.Cherianne@yopmail.com,Tilly.Cherianne@gmail.com,developer
972,Annabela,Delacourt,Annabela.Delacourt@yopmail.com,Annabela.Delacourt@gmail.com,worker
973,Carlie,Noam,Carlie.Noam@yopmail.com,Carlie.Noam@gmail.com,doctor
974,Georgetta,Naashom,Georgetta.Naashom@yopmail.com,Georgetta.Naashom@gmail.com,firefighter
975,Tobe,Erb,Tobe.Erb@yopmail.com,Tobe.Erb@gmail.com,firefighter
976,Giustina,Stav,Giustina.Stav@yopmail.com,Giustina.Stav@gmail.com,doctor
977,Viviene,Sheedy,Viviene.Sheedy@yopmail.com,Viviene.Sheedy@gmail.com,firefighter
978,Tiffie,Fleeta,Tiffie.Fleeta@yopmail.com,Tiffie.Fleeta@gmail.com,worker
979,Farrah,Stuart,Farrah.Stuart@yopmail.com,Farrah.Stuart@gmail.com,doctor
980,Alex,Ashok,Alex.Ashok@yopmail.com,Alex.Ashok@gmail.com,worker
981,Tilly,Goode,Tilly.Goode@yopmail.com,Tilly.Goode@gmail.com,police officer
982,Ada,Capello,Ada.Capello@yopmail.com,Ada.Capello@gmail.com,doctor
983,Zsa Zsa,Kaete,Zsa Zsa.Kaete@yopmail.com,Zsa Zsa.Kaete@gmail.com,worker
984,Jemie,Manolo,Jemie.Manolo@yopmail.com,Jemie.Manolo@gmail.com,police officer
985,Cyndie,Wooster,Cyndie.Wooster@yopmail.com,Cyndie.Wooster@gmail.com,worker
986,Clarice,Masao,Clarice.Masao@yopmail.com,Clarice.Masao@gmail.com,developer
987,Sindee,McGrody,Sindee.McGrody@yopmail.com,Sindee.McGrody@gmail.com,police officer
988,Rosaline,Koehler,Rosaline.Koehler@yopmail.com,Rosaline.Koehler@gmail.com,doctor
989,Odessa,Estella,Odessa.Estella@yopmail.com,Odessa.Estella@gmail.com,police officer
990,Rochette,Lenny,Rochette.Lenny@yopmail.com,Rochette.Lenny@gmail.com,firefighter
991,Angelique,Dosia,Angelique.Dosia@yopmail.com,Angelique.Dosia@gmail.com,doctor
992,Petronia,Quinn,Petronia.Quinn@yopmail.com,Petronia.Quinn@gmail.com,doctor
993,Tarra,Alva,Tarra.Alva@yopmail.com,Tarra.Alva@gmail.com,police officer
994,Nadine,Septima,Nadine.Septima@yopmail.com,Nadine.Septima@gmail.com,developer
995,Ira,Geffner,Ira.Geffner@yopmail.com,Ira.Geffner@gmail.com,firefighter
996,Karina,Sparhawk,Karina.Sparhawk@yopmail.com,Karina.Sparhawk@gmail.com,doctor
997,Mildrid,Felecia,Mildrid.Felecia@yopmail.com,Mildrid.Felecia@gmail.com,doctor
998,Maurene,Pettiford,Maurene.Pettiford@yopmail.com,Maurene.Pettiford@gmail.com,worker
999,Ayn,Roumell,Ayn.Roumell@yopmail.com,Ayn.Roumell@gmail.com,worker
1000,Nannie,Marsden,Nannie.Marsden@yopmail.com,Nannie.Marsden@gmail.com,police officer
1001,Christy,Bethany,Christy.Bethany@yopmail.com,Christy.Bethany@gmail.com,doctor
1002,Gerianna,Malina,Gerianna.Malina@yopmail.com,Gerianna.Malina@gmail.com,firefighter
1003,Lynde,Israeli,Lynde.Israeli@yopmail.com,Lynde.Israeli@gmail.com,police officer
1004,Vere,Morehouse,Vere.Morehouse@yopmail.com,Vere.Morehouse@gmail.com,doctor
1005,Blake,Milson,Blake.Milson@yopmail.com,Blake.Milson@gmail.com,doctor
1006,Delilah,Lenny,Delilah.Lenny@yopmail.com,Delilah.Lenny@gmail.com,developer
1007,Anthia,Stilwell,Anthia.Stilwell@yopmail.com,Anthia.Stilwell@gmail.com,police officer
1008,Tarra,Shuler,Tarra.Shuler@yopmail.com,Tarra.Shuler@gmail.com,police officer
1009,Tatiania,Brenn,Tatiania.Brenn@yopmail.com,Tatiania.Brenn@gmail.com,firefighter
1010,Fidelia,Parette,Fidelia.Parette@yopmail.com,Fidelia.Parette@gmail.com,doctor
1011,Tori,Baylor,Tori.Baylor@yopmail.com,Tori.Baylor@gmail.com,worker
1012,Misha,Berriman,Misha.Berriman@yopmail.com,Misha.Berriman@gmail.com,police officer
1013,Madeleine,Iiette,Madeleine.Iiette@yopmail.com,Madeleine.Iiette@gmail.com,police officer
1014,Marylou,Torray,Marylou.Torray@yopmail.com,Marylou.Torray@gmail.com,police officer
1015,Vere,Klotz,Vere.Klotz@yopmail.com,Vere.Klotz@gmail.com,police officer
1016,Aurore,Stav,Aurore.Stav@yopmail.com,Aurore.Stav@gmail.com,doctor
1017,Wilma,Dorine,Wilma.Dorine@yopmail.com,Wilma.Dorine@gmail.com,developer
1018,Althea,Gaal,Althea.Gaal@yopmail.com,Althea.Gaal@gmail.com,developer
1019,Tressa,Bobbee,Tressa.Bobbee@yopmail.com,Tressa.Bobbee@gmail.com,firefighter
1020,Blake,Palocz,Blake.Palocz@yopmail.com,Blake.Palocz@gmail.com,firefighter
1021,Rubie,Melony,Rubie.Melony@yopmail.com,Rubie.Melony@gmail.com,police officer
1022,Helena,Daniele,Helena.Daniele@yopmail.com,Helena.Daniele@gmail.com,developer
1023,Libbie,Eldrid,Libbie.Eldrid@yopmail.com,Libbie.Eldrid@gmail.com,firefighter
1024,Robinia,Chabot,Robinia.Chabot@yopmail.com,Robinia.Chabot@gmail.com,doctor
1025,Katharina,Dearborn,Katharina.Dearborn@yopmail.com,Katharina.Dearborn@gmail.com,police officer
1026,Jenilee,Margret,Jenilee.Margret@yopmail.com,Jenilee.Margret@gmail.com,worker
1027,Sue,Garrison,Sue.Garrison@yopmail.com,Sue.Garrison@gmail.com,developer
1028,Merry,Gaspard,Merry.Gaspard@yopmail.com,Merry.Gaspard@gmail.com,developer
1029,Nerta,Shaver,Nerta.Shaver@yopmail.com,Nerta.Shaver@gmail.com,worker
1030,Cecile,Winthorpe,Cecile.Winthorpe@yopmail.com,Cecile.Winthorpe@gmail.com,doctor
1031,Shaine,Marcellus,Shaine.Marcellus@yopmail.com,Shaine.Marcellus@gmail.com,worker
1032,Brietta,Vary,Brietta.Vary@yopmail.com,Brietta.Vary@gmail.com,doctor
1033,Andeee,Odell,Andeee.Odell@yopmail.com,Andeee.Odell@gmail.com,doctor
1034,Gerianna,Bobbee,Gerianna.Bobbee@yopmail.com,Gerianna.Bobbee@gmail.com,developer
1035,Mamie,Lacombe,Mamie.Lacombe@yopmail.com,Mamie.Lacombe@gmail.com,developer
1036,Sashenka,Anestassia,Sashenka.Anestassia@yopmail.com,Sashenka.Anestassia@gmail.com,worker
1037,Ingrid,Nore,Ingrid.Nore@yopmail.com,Ingrid.Nore@gmail.com,police officer
1038,Hope,Shelba,Hope.Shelba@yopmail.com,Hope.Shelba@gmail.com,police officer
1039,Edyth,Ingra,Edyth.Ingra@yopmail.com,Edyth.Ingra@gmail.com,worker
1040,Lory,Saunderson,Lory.Saunderson@yopmail.com,Lory.Saunderson@gmail.com,developer
1041,Tersina,Garbe,Tersina.Garbe@yopmail.com,Tersina.Garbe@gmail.com,police officer
1042,Sheree,Buckler,Sheree.Buckler@yopmail.com,Sheree.Buckler@gmail.com,developer
1043,Zaria,Delila,Zaria.Delila@yopmail.com,Zaria.Delila@gmail.com,police officer
1044,Brooks,Jehu,Brooks.Jehu@yopmail.com,Brooks.Jehu@gmail.com,worker
1045,Kirstin,Ackerley,Kirstin.Ackerley@yopmail.com,Kirstin.Ackerley@gmail.com,police officer
1046,Gabriellia,Alva,Gabriellia.Alva@yopmail.com,Gabriellia.Alva@gmail.com,developer
1047,Tonia,Faria,Tonia.Faria@yopmail.com,Tonia.Faria@gmail.com,firefighter
1048,Donetta,Sacken,Donetta.Sacken@yopmail.com,Donetta.Sacken@gmail.com,doctor
1049,Julieta,Land,Julieta.Land@yopmail.com,Julieta.Land@gmail.com,doctor
1050,Anthia,Redmond,Anthia.Redmond@yopmail.com,Anthia.Redmond@gmail.com,worker
1051,Raquela,Richers,Raquela.Richers@yopmail.com,Raquela.Richers@gmail.com,firefighter
1052,Leona,Milson,Leona.Milson@yopmail.com,Leona.Milson@gmail.com,developer
1053,Alleen,Krystle,Alleen.Krystle@yopmail.com,Alleen.Krystle@gmail.com,worker
1054,Tera,Pitt,Tera.Pitt@yopmail.com,Tera.Pitt@gmail.com,firefighter
1055,Theodora,Melan,Theodora.Melan@yopmail.com,Theodora.Melan@gmail.com,worker
1056,Yolane,Barrus,Yolane.Barrus@yopmail.com,Yolane.Barrus@gmail.com,police officer
1057,Flo,Burkle,Flo.Burkle@yopmail.com,Flo.Burkle@gmail.com,doctor
1058,Anestassia,Shields,Anestassia.Shields@yopmail.com,Anestassia.Shields@gmail.com,police officer
1059,Lily,O'Neill,Lily.O'Neill@yopmail.com,Lily.O'Neill@gmail.com,doctor
1060,Lacie,Tremayne,Lacie.Tremayne@yopmail.com,Lacie.Tremayne@gmail.com,doctor
1061,Elise,Evangelia,Elise.Evangelia@yopmail.com,Elise.Evangelia@gmail.com,worker
1062,Lily,Ophelia,Lily.Ophelia@yopmail.com,Lily.Ophelia@gmail.com,developer
1063,Gianina,Daegal,Gianina.Daegal@yopmail.com,Gianina.Daegal@gmail.com,police officer
1064,Leanna,Faro,Leanna.Faro@yopmail.com,Leanna.Faro@gmail.com,developer
1065,Brooks,Germann,Brooks.Germann@yopmail.com,Brooks.Germann@gmail.com,developer
1066,Liana,Penelopa,Liana.Penelopa@yopmail.com,Liana.Penelopa@gmail.com,doctor
1067,Modestia,Mallon,Modestia.Mallon@yopmail.com,Modestia.Mallon@gmail.com,doctor
1068,Iseabal,Seessel,Iseabal.Seessel@yopmail.com,Iseabal.Seessel@gmail.com,firefighter
1069,Madelle,Niccolo,Madelle.Niccolo@yopmail.com,Madelle.Niccolo@gmail.com,worker
1070,Lolita,Cordi,Lolita.Cordi@yopmail.com,Lolita.Cordi@gmail.com,developer
1071,Frances,Greenwald,Frances.Greenwald@yopmail.com,Frances.Greenwald@gmail.com,doctor
1072,Elie,Dash,Elie.Dash@yopmail.com,Elie.Dash@gmail.com,doctor
1073,Odessa,Abbot,Odessa.Abbot@yopmail.com,Odessa.Abbot@gmail.com,developer
1074,Kathi,Maxi,Kathi.Maxi@yopmail.com,Kathi.Maxi@gmail.com,developer
1075,Mallory,McGrody,Mallory.McGrody@yopmail.com,Mallory.McGrody@gmail.com,doctor
1076,Wanda,Ferrell,Wanda.Ferrell@yopmail.com,Wanda.Ferrell@gmail.com,doctor
1077,Renie,Lowry,Renie.Lowry@yopmail.com,Renie.Lowry@gmail.com,doctor
1078,Marleah,Madaih,Marleah.Madaih@yopmail.com,Marleah.Madaih@gmail.com,doctor
1079,Chandra,Sammons,Chandra.Sammons@yopmail.com,Chandra.Sammons@gmail.com,firefighter
1080,Madeleine,Barbey,Madeleine.Barbey@yopmail.com,Madeleine.Barbey@gmail.com,police officer
1081,Valera,Schonfeld,Valera.Schonfeld@yopmail.com,Valera.Schonfeld@gmail.com,police officer
1082,Anallese,Dreda,Anallese.Dreda@yopmail.com,Anallese.Dreda@gmail.com,doctor
1083,Karina,Ortrude,Karina.Ortrude@yopmail.com,Karina.Ortrude@gmail.com,worker
1084,Alejandra,Masao,Alejandra.Masao@yopmail.com,Alejandra.Masao@gmail.com,worker
1085,Lory,Garek,Lory.Garek@yopmail.com,Lory.Garek@gmail.com,firefighter
1086,Lelah,Luhe,Lelah.Luhe@yopmail.com,Lelah.Luhe@gmail.com,developer
1087,Harrietta,Bartlett,Harrietta.Bartlett@yopmail.com,Harrietta.Bartlett@gmail.com,doctor
1088,Nataline,Ellerey,Nataline.Ellerey@yopmail.com,Nataline.Ellerey@gmail.com,firefighter
1089,Joeann,Sprage,Joeann.Sprage@yopmail.com,Joeann.Sprage@gmail.com,developer
1090,Frances,Ambrosia,Frances.Ambrosia@yopmail.com,Frances.Ambrosia@gmail.com,developer
1091,Lynde,Hamil,Lynde.Hamil@yopmail.com,Lynde.Hamil@gmail.com,firefighter
1092,Basia,Dreda,Basia.Dreda@yopmail.com,Basia.Dreda@gmail.com,police officer
1093,Cristine,Winthorpe,Cristine.Winthorpe@yopmail.com,Cristine.Winthorpe@gmail.com,developer
1094,Janeczka,Viddah,Janeczka.Viddah@yopmail.com,Janeczka.Viddah@gmail.com,developer
1095,Kenna,Willie,Kenna.Willie@yopmail.com,Kenna.Willie@gmail.com,firefighter
1096,Rozele,Lutero,Rozele.Lutero@yopmail.com,Rozele.Lutero@gmail.com,police officer
1097,Teddie,Papageno,Teddie.Papageno@yopmail.com,Teddie.Papageno@gmail.com,police officer
1098,Charlena,Rad,Charlena.Rad@yopmail.com,Charlena.Rad@gmail.com,worker
1099,Jobi,Dielu,Jobi.Dielu@yopmail.com,Jobi.Dielu@gmail.com,doctor
